,date,new_confirmed,State,Region,categorical_id,day_of_week,categorical_month,days_from_start,week_of_month,categorical_day_of_week,categorical_week,stringency_index,government_response_index,containment_health_index,economic_support_index,new_confirmed_lag_7,stringency_index_lag_7,government_response_index_lag_7,containment_health_index_lag_7,economic_support_index_lag_7,is_holiday,is_holiday_lead_1,is_holiday_lead_2,is_holiday_lag_1,is_holiday_lag_2
0,2020-03-01,,,,,,,0,,,,,,,,,,,,,,,,,
1,2020-03-02,,,,,,,1,,,,,,,,,,,,,,,,,
2,2020-03-03,,,,,,,2,,,,,,,,,,,,,,,,,
3,2020-03-04,,,,,,,3,,,,,,,,,,,,,,,,,
4,2020-03-05,,,,,,,4,,,,,,,,,,,,,,,,,
5,2020-03-06,,,,,,,5,,,,,,,,,,,,,,,,,
6,2020-03-07,,,,,,,6,,,,,,,,,,,,,,,,,
7,2020-03-08,,,,,,,7,,,,,,,,,,,,,,,,,
8,2020-03-09,,,,,,,8,,,,,,,,,,,,,,,,,
9,2020-03-10,,,,,,,9,,,,,,,,,,,,,,,,,
10,2020-03-11,,,,,,,10,,,,,,,,,,,,,,,,,
11,2020-03-12,,,,,,,11,,,,,,,,,,,,,,,,,
12,2020-03-13,,,,,,,12,,,,,,,,,,,,,,,,,
13,2020-03-14,,,,,,,13,,,,,,,,,,,,,,,,,
14,2020-03-15,,,,,,,14,,,,,,,,,,,,,,,,,
15,2020-03-16,,,,,,,15,,,,,,,,,,,,,,,,,
16,2020-03-17,,,,,,,16,,,,,,,,,,,,,,,,,
17,2020-03-18,,,,,,,17,,,,,,,,,,,,,,,,,
18,2020-03-19,,,,,,,18,,,,,,,,,,,,,,,,,
19,2020-03-20,,,,,,,19,,,,,,,,,,,,,,,,,
20,2020-03-21,,,,,,,20,,,,,,,,,,,,,,,,,
21,2020-03-22,,,,,,,21,,,,,,,,,,,,,,,,,
22,2020-03-23,,,,,,,22,,,,,,,,,,,,,,,,,
23,2020-03-24,,,,,,,23,,,,,,,,,,,,,,,,,
24,2020-03-25,,,,,,,24,,,,,,,,,,,,,,,,,
25,2020-03-26,,,,,,,25,,,,,,,,,,,,,,,,,
26,2020-03-27,,,,,,,26,,,,,,,,,,,,,,,,,
27,2020-03-28,,,,,,,27,,,,,,,,,,,,,,,,,
28,2020-03-29,,,,,,,28,,,,,,,,,,,,,,,,,
29,2020-03-30,,,,,,,29,,,,,,,,,,,,,,,,,
30,2020-03-31,,,,,,,30,,,,,,,,,,,,,,,,,
31,2020-04-01,,,,,,,31,,,,,,,,,,,,,,,,,
32,2020-04-02,,,,,,,32,,,,,,,,,,,,,,,,,
33,2020-04-03,,,,,,,33,,,,,,,,,,,,,,,,,
34,2020-04-04,,,,,,,34,,,,,,,,,,,,,,,,,
35,2020-04-05,,,,,,,35,,,,,,,,,,,,,,,,,
36,2020-04-06,,,,,,,36,,,,,,,,,,,,,,,,,
37,2020-04-07,,,,,,,37,,,,,,,,,,,,,,,,,
38,2020-04-08,,,,,,,38,,,,,,,,,,,,,,,,,
39,2020-04-09,,,,,,,39,,,,,,,,,,,,,,,,,
40,2020-04-10,,,,,,,40,,,,,,,,,,,,,,,,,
41,2020-04-11,,,,,,,41,,,,,,,,,,,,,,,,,
42,2020-04-12,,,,,,,42,,,,,,,,,,,,,,,,,
43,2020-04-13,,,,,,,43,,,,,,,,,,,,,,,,,
44,2020-04-14,,,,,,,44,,,,,,,,,,,,,,,,,
45,2020-04-15,,,,,,,45,,,,,,,,,,,,,,,,,
46,2020-04-16,,,,,,,46,,,,,,,,,,,,,,,,,
47,2020-04-17,,,,,,,47,,,,,,,,,,,,,,,,,
48,2020-04-18,,,,,,,48,,,,,,,,,,,,,,,,,
49,2020-04-19,,,,,,,49,,,,,,,,,,,,,,,,,
50,2020-04-20,,,,,,,50,,,,,,,,,,,,,,,,,
51,2020-04-21,,,,,,,51,,,,,,,,,,,,,,,,,
52,2020-04-22,,,,,,,52,,,,,,,,,,,,,,,,,
53,2020-04-23,,,,,,,53,,,,,,,,,,,,,,,,,
54,2020-04-24,,,,,,,54,,,,,,,,,,,,,,,,,
55,2020-04-25,,,,,,,55,,,,,,,,,,,,,,,,,
56,2020-04-26,,,,,,,56,,,,,,,,,,,,,,,,,
57,2020-04-27,,,,,,,57,,,,,,,,,,,,,,,,,
58,2020-04-28,,,,,,,58,,,,,,,,,,,,,,,,,
59,2020-04-29,,,,,,,59,,,,,,,,,,,,,,,,,
60,2020-04-30,,,,,,,60,,,,,,,,,,,,,,,,,
61,2020-05-01,,,,,,,61,,,,,,,,,,,,,,,,,
62,2020-05-02,,,,,,,62,,,,,,,,,,,,,,,,,
63,2020-05-03,,,,,,,63,,,,,,,,,,,,,,,,,
64,2020-05-04,,,,,,,64,,,,,,,,,,,,,,,,,
65,2020-05-05,,,,,,,65,,,,,,,,,,,,,,,,,
66,2020-05-06,,,,,,,66,,,,,,,,,,,,,,,,,
67,2020-05-07,10.0,Maine,MH,59,3.0,5.0,67,2.0,3.0,2,,,,,0.0,0.0,0.0,0.0,0.0,0.0,0.0,0.0,0.0,0.0
68,2020-05-08,12.0,Maine,MH,59,4.0,5.0,68,2.0,4.0,2,,,,,0.0,0.0,0.0,0.0,0.0,0.0,0.0,0.0,0.0,0.0
69,2020-05-09,2.0,Maine,MH,59,5.0,5.0,69,2.0,5.0,2,,,,,0.0,0.0,0.0,0.0,0.0,0.0,0.0,0.0,0.0,0.0
70,2020-05-10,7.0,Maine,MH,59,6.0,5.0,70,2.0,6.0,2,,,,,0.0,0.0,0.0,0.0,0.0,0.0,0.0,0.0,0.0,0.0
71,2020-05-11,9.0,Maine,MH,59,0.0,5.0,71,2.0,0.0,2,,,,,0.0,0.0,0.0,0.0,0.0,0.0,0.0,0.0,0.0,0.0
72,2020-05-12,3.0,Maine,MH,59,1.0,5.0,72,2.0,1.0,2,,,,,0.0,0.0,0.0,0.0,0.0,0.0,0.0,0.0,0.0,0.0
73,2020-05-13,9.0,Maine,MH,59,2.0,5.0,73,2.0,2.0,2,,,,,0.0,0.0,0.0,0.0,0.0,0.0,0.0,0.0,0.0,0.0
74,2020-05-14,6.0,Maine,MH,59,3.0,5.0,74,3.0,3.0,3,,,,,10.0,0.0,0.0,0.0,0.0,0.0,0.0,0.0,0.0,0.0
75,2020-05-15,3.0,Maine,MH,59,4.0,5.0,75,3.0,4.0,3,,,,,12.0,0.0,0.0,0.0,0.0,0.0,0.0,0.0,0.0,0.0
76,2020-05-16,2.0,Maine,MH,59,5.0,5.0,76,3.0,5.0,3,,,,,2.0,0.0,0.0,0.0,0.0,0.0,0.0,0.0,0.0,0.0
77,2020-05-17,6.0,Maine,MH,59,6.0,5.0,77,3.0,6.0,3,,,,,7.0,0.0,0.0,0.0,0.0,0.0,0.0,0.0,0.0,0.0
78,2020-05-18,0.0,Maine,MH,59,0.0,5.0,78,3.0,0.0,3,,,,,9.0,0.0,0.0,0.0,0.0,0.0,0.0,0.0,0.0,0.0
79,2020-05-19,8.0,Maine,MH,59,1.0,5.0,79,3.0,1.0,3,,,,,3.0,0.0,0.0,0.0,0.0,0.0,0.0,0.0,0.0,0.0
80,2020-05-20,12.0,Maine,MH,59,2.0,5.0,80,3.0,2.0,3,,,,,9.0,0.0,0.0,0.0,0.0,0.0,0.0,0.0,0.0,0.0
81,2020-05-21,1.0,Maine,MH,59,3.0,5.0,81,4.0,3.0,4,,,,,6.0,0.0,0.0,0.0,0.0,0.0,0.0,0.0,0.0,0.0
82,2020-05-22,9.0,Maine,MH,59,4.0,5.0,82,4.0,4.0,4,,,,,3.0,0.0,0.0,0.0,0.0,0.0,0.0,0.0,0.0,0.0
83,2020-05-23,1.0,Maine,MH,59,5.0,5.0,83,4.0,5.0,4,,,,,2.0,0.0,0.0,0.0,0.0,0.0,0.0,0.0,0.0,0.0
84,2020-05-24,5.0,Maine,MH,59,6.0,5.0,84,4.0,6.0,4,,,,,6.0,0.0,0.0,0.0,0.0,0.0,0.0,0.0,0.0,0.0
85,2020-05-25,1.0,Maine,MH,59,0.0,5.0,85,4.0,0.0,4,,,,,0.0,0.0,0.0,0.0,0.0,0.0,0.0,0.0,0.0,0.0
86,2020-05-26,8.0,Maine,MH,59,1.0,5.0,86,4.0,1.0,4,,,,,8.0,0.0,0.0,0.0,0.0,0.0,0.0,0.0,0.0,0.0
87,2020-05-27,8.0,Maine,MH,59,2.0,5.0,87,4.0,2.0,4,,,,,12.0,0.0,0.0,0.0,0.0,0.0,0.0,0.0,0.0,0.0
88,2020-05-28,11.0,Maine,MH,59,3.0,5.0,88,5.0,3.0,5,,,,,1.0,0.0,0.0,0.0,0.0,0.0,0.0,0.0,0.0,0.0
89,2020-05-29,4.0,Maine,MH,59,4.0,5.0,89,5.0,4.0,5,,,,,9.0,0.0,0.0,0.0,0.0,0.0,0.0,0.0,0.0,0.0
90,2020-05-30,1.0,Maine,MH,59,5.0,5.0,90,5.0,5.0,5,,,,,1.0,0.0,0.0,0.0,0.0,0.0,0.0,0.0,0.0,0.0
91,2020-05-31,1.0,Maine,MH,59,6.0,5.0,91,5.0,6.0,5,,,,,5.0,0.0,0.0,0.0,0.0,0.0,0.0,0.0,0.0,0.0
92,2020-06-01,4.0,Maine,MH,59,0.0,6.0,92,1.0,0.0,1,,,,,1.0,0.0,0.0,0.0,0.0,0.0,0.0,0.0,0.0,0.0
93,2020-06-02,4.0,Maine,MH,59,1.0,6.0,93,1.0,1.0,1,,,,,8.0,0.0,0.0,0.0,0.0,0.0,0.0,0.0,0.0,0.0
94,2020-06-03,3.0,Maine,MH,59,2.0,6.0,94,1.0,2.0,1,,,,,8.0,0.0,0.0,0.0,0.0,0.0,0.0,0.0,0.0,0.0
95,2020-06-04,7.0,Maine,MH,59,3.0,6.0,95,1.0,3.0,1,,,,,11.0,0.0,0.0,0.0,0.0,0.0,0.0,0.0,0.0,0.0
96,2020-06-05,0.0,Maine,MH,59,4.0,6.0,96,1.0,4.0,1,,,,,4.0,0.0,0.0,0.0,0.0,0.0,0.0,0.0,0.0,0.0
97,2020-06-06,4.0,Maine,MH,59,5.0,6.0,97,1.0,5.0,1,,,,,1.0,0.0,0.0,0.0,0.0,0.0,0.0,0.0,0.0,0.0
98,2020-06-07,5.0,Maine,MH,59,6.0,6.0,98,2.0,6.0,2,,,,,1.0,0.0,0.0,0.0,0.0,0.0,0.0,0.0,0.0,0.0
99,2020-06-08,2.0,Maine,MH,59,0.0,6.0,99,2.0,0.0,2,,,,,4.0,0.0,0.0,0.0,0.0,0.0,0.0,0.0,0.0,0.0
100,2020-06-09,3.0,Maine,MH,59,1.0,6.0,100,2.0,1.0,2,,,,,4.0,0.0,0.0,0.0,0.0,0.0,0.0,0.0,0.0,0.0
101,2020-06-10,0.0,Maine,MH,59,2.0,6.0,101,2.0,2.0,2,,,,,3.0,0.0,0.0,0.0,0.0,0.0,0.0,0.0,0.0,0.0
102,2020-06-11,7.0,Maine,MH,59,3.0,6.0,102,2.0,3.0,2,,,,,7.0,0.0,0.0,0.0,0.0,0.0,0.0,0.0,0.0,0.0
103,2020-06-12,5.0,Maine,MH,59,4.0,6.0,103,2.0,4.0,2,,,,,0.0,0.0,0.0,0.0,0.0,0.0,0.0,0.0,0.0,0.0
104,2020-06-13,0.0,Maine,MH,59,5.0,6.0,104,2.0,5.0,2,,,,,4.0,0.0,0.0,0.0,0.0,0.0,0.0,0.0,0.0,0.0
105,2020-06-14,1.0,Maine,MH,59,6.0,6.0,105,3.0,6.0,3,,,,,5.0,0.0,0.0,0.0,0.0,0.0,0.0,0.0,0.0,0.0
106,2020-06-15,2.0,Maine,MH,59,0.0,6.0,106,3.0,0.0,3,,,,,2.0,0.0,0.0,0.0,0.0,0.0,0.0,0.0,0.0,0.0
107,2020-06-16,3.0,Maine,MH,59,1.0,6.0,107,3.0,1.0,3,,,,,3.0,0.0,0.0,0.0,0.0,0.0,0.0,0.0,0.0,0.0
108,2020-06-17,2.0,Maine,MH,59,2.0,6.0,108,3.0,2.0,3,,,,,0.0,0.0,0.0,0.0,0.0,0.0,0.0,0.0,0.0,0.0
109,2020-06-18,4.0,Maine,MH,59,3.0,6.0,109,3.0,3.0,3,,,,,7.0,0.0,0.0,0.0,0.0,0.0,0.0,0.0,0.0,0.0
110,2020-06-19,3.0,Maine,MH,59,4.0,6.0,110,3.0,4.0,3,,,,,5.0,0.0,0.0,0.0,0.0,0.0,0.0,0.0,0.0,0.0
111,2020-06-20,0.0,Maine,MH,59,5.0,6.0,111,3.0,5.0,3,,,,,0.0,0.0,0.0,0.0,0.0,0.0,0.0,0.0,0.0,0.0
112,2020-06-21,0.0,Maine,MH,59,6.0,6.0,112,4.0,6.0,4,,,,,1.0,0.0,0.0,0.0,0.0,0.0,0.0,0.0,0.0,0.0
113,2020-06-22,2.0,Maine,MH,59,0.0,6.0,113,4.0,0.0,4,,,,,2.0,0.0,0.0,0.0,0.0,0.0,0.0,0.0,0.0,0.0
114,2020-06-23,2.0,Maine,MH,59,1.0,6.0,114,4.0,1.0,4,,,,,3.0,0.0,0.0,0.0,0.0,0.0,0.0,0.0,0.0,0.0
115,2020-06-24,5.0,Maine,MH,59,2.0,6.0,115,4.0,2.0,4,,,,,2.0,0.0,0.0,0.0,0.0,0.0,0.0,0.0,0.0,0.0
116,2020-06-25,2.0,Maine,MH,59,3.0,6.0,116,4.0,3.0,4,,,,,4.0,0.0,0.0,0.0,0.0,0.0,0.0,0.0,0.0,0.0
117,2020-06-26,3.0,Maine,MH,59,4.0,6.0,117,4.0,4.0,4,,,,,3.0,0.0,0.0,0.0,0.0,0.0,0.0,0.0,0.0,0.0
118,2020-06-27,8.0,Maine,MH,59,5.0,6.0,118,4.0,5.0,4,,,,,0.0,0.0,0.0,0.0,0.0,0.0,0.0,0.0,0.0,0.0
119,2020-06-28,3.0,Maine,MH,59,6.0,6.0,119,5.0,6.0,5,,,,,0.0,0.0,0.0,0.0,0.0,0.0,0.0,0.0,0.0,0.0
120,2020-06-29,3.0,Maine,MH,59,0.0,6.0,120,5.0,0.0,5,,,,,2.0,0.0,0.0,0.0,0.0,0.0,0.0,0.0,0.0,0.0
121,2020-06-30,5.0,Maine,MH,59,1.0,6.0,121,5.0,1.0,5,,,,,2.0,0.0,0.0,0.0,0.0,0.0,0.0,0.0,0.0,0.0
122,2020-07-01,4.0,Maine,MH,59,2.0,7.0,122,1.0,2.0,1,,,,,5.0,0.0,0.0,0.0,0.0,0.0,0.0,0.0,0.0,0.0
123,2020-07-02,1.0,Maine,MH,59,3.0,7.0,123,1.0,3.0,1,,,,,2.0,0.0,0.0,0.0,0.0,0.0,0.0,0.0,0.0,0.0
124,2020-07-03,0.0,Maine,MH,59,4.0,7.0,124,1.0,4.0,1,,,,,3.0,0.0,0.0,0.0,0.0,0.0,0.0,0.0,0.0,0.0
125,2020-07-04,4.0,Maine,MH,59,5.0,7.0,125,1.0,5.0,1,,,,,8.0,0.0,0.0,0.0,0.0,0.0,0.0,0.0,0.0,0.0
126,2020-07-05,1.0,Maine,MH,59,6.0,7.0,126,1.0,6.0,1,,,,,3.0,0.0,0.0,0.0,0.0,0.0,0.0,0.0,0.0,0.0
127,2020-07-06,3.0,Maine,MH,59,0.0,7.0,127,1.0,0.0,1,,,,,3.0,0.0,0.0,0.0,0.0,0.0,0.0,0.0,0.0,0.0
128,2020-07-07,1.0,Maine,MH,59,1.0,7.0,128,2.0,1.0,2,,,,,5.0,0.0,0.0,0.0,0.0,0.0,0.0,0.0,0.0,0.0
129,2020-07-08,0.0,Maine,MH,59,2.0,7.0,129,2.0,2.0,2,,,,,4.0,0.0,0.0,0.0,0.0,0.0,0.0,0.0,0.0,0.0
130,2020-07-09,0.0,Maine,MH,59,3.0,7.0,130,2.0,3.0,2,,,,,1.0,0.0,0.0,0.0,0.0,0.0,0.0,0.0,0.0,0.0
131,2020-07-10,4.0,Maine,MH,59,4.0,7.0,131,2.0,4.0,2,,,,,0.0,0.0,0.0,0.0,0.0,0.0,0.0,0.0,0.0,0.0
132,2020-07-11,1.0,Maine,MH,59,5.0,7.0,132,2.0,5.0,2,,,,,4.0,0.0,0.0,0.0,0.0,0.0,0.0,0.0,0.0,0.0
133,2020-07-12,2.0,Maine,MH,59,6.0,7.0,133,2.0,6.0,2,,,,,1.0,0.0,0.0,0.0,0.0,0.0,0.0,0.0,0.0,0.0
134,2020-07-13,1.0,Maine,MH,59,0.0,7.0,134,2.0,0.0,2,,,,,3.0,0.0,0.0,0.0,0.0,0.0,0.0,0.0,0.0,0.0
135,2020-07-14,1.0,Maine,MH,59,1.0,7.0,135,3.0,1.0,3,,,,,1.0,0.0,0.0,0.0,0.0,0.0,0.0,0.0,0.0,0.0
136,2020-07-15,1.0,Maine,MH,59,2.0,7.0,136,3.0,2.0,3,,,,,0.0,0.0,0.0,0.0,0.0,0.0,0.0,0.0,0.0,0.0
137,2020-07-16,0.0,Maine,MH,59,3.0,7.0,137,3.0,3.0,3,,,,,0.0,0.0,0.0,0.0,0.0,0.0,0.0,0.0,0.0,0.0
138,2020-07-17,0.0,Maine,MH,59,4.0,7.0,138,3.0,4.0,3,,,,,4.0,0.0,0.0,0.0,0.0,0.0,0.0,0.0,0.0,0.0
139,2020-07-18,4.0,Maine,MH,59,5.0,7.0,139,3.0,5.0,3,,,,,1.0,0.0,0.0,0.0,0.0,0.0,0.0,0.0,0.0,0.0
140,2020-07-19,2.0,Maine,MH,59,6.0,7.0,140,3.0,6.0,3,,,,,2.0,0.0,0.0,0.0,0.0,0.0,0.0,0.0,0.0,0.0
141,2020-07-20,2.0,Maine,MH,59,0.0,7.0,141,3.0,0.0,3,,,,,1.0,0.0,0.0,0.0,0.0,0.0,0.0,0.0,0.0,0.0
142,2020-07-21,1.0,Maine,MH,59,1.0,7.0,142,4.0,1.0,4,,,,,1.0,0.0,0.0,0.0,0.0,0.0,0.0,0.0,0.0,0.0
143,2020-07-22,3.0,Maine,MH,59,2.0,7.0,143,4.0,2.0,4,,,,,1.0,0.0,0.0,0.0,0.0,0.0,0.0,0.0,0.0,0.0
144,2020-07-23,2.0,Maine,MH,59,3.0,7.0,144,4.0,3.0,4,,,,,0.0,0.0,0.0,0.0,0.0,0.0,0.0,0.0,0.0,0.0
145,2020-07-24,5.0,Maine,MH,59,4.0,7.0,145,4.0,4.0,4,,,,,0.0,0.0,0.0,0.0,0.0,0.0,0.0,0.0,0.0,0.0
146,2020-07-25,3.0,Maine,MH,59,5.0,7.0,146,4.0,5.0,4,,,,,4.0,0.0,0.0,0.0,0.0,0.0,0.0,0.0,0.0,0.0
147,2020-07-26,3.0,Maine,MH,59,6.0,7.0,147,4.0,6.0,4,,,,,2.0,0.0,0.0,0.0,0.0,0.0,0.0,0.0,0.0,0.0
148,2020-07-27,1.0,Maine,MH,59,0.0,7.0,148,4.0,0.0,4,,,,,2.0,0.0,0.0,0.0,0.0,0.0,0.0,0.0,0.0,0.0
149,2020-07-28,2.0,Maine,MH,59,1.0,7.0,149,5.0,1.0,5,,,,,1.0,0.0,0.0,0.0,0.0,0.0,0.0,0.0,0.0,0.0
150,2020-07-29,0.0,Maine,MH,59,2.0,7.0,150,5.0,2.0,5,,,,,3.0,0.0,0.0,0.0,0.0,0.0,0.0,0.0,0.0,0.0
151,2020-07-30,0.0,Maine,MH,59,3.0,7.0,151,5.0,3.0,5,,,,,2.0,0.0,0.0,0.0,0.0,0.0,0.0,0.0,0.0,0.0
152,2020-07-31,4.0,Maine,MH,59,4.0,7.0,152,5.0,4.0,5,,,,,5.0,0.0,0.0,0.0,0.0,0.0,0.0,0.0,0.0,0.0
153,2020-08-01,1.0,Maine,MH,59,5.0,8.0,153,1.0,5.0,1,,,,,3.0,0.0,0.0,0.0,0.0,0.0,0.0,0.0,0.0,0.0
154,2020-08-02,5.0,Maine,MH,59,6.0,8.0,154,1.0,6.0,1,,,,,3.0,0.0,0.0,0.0,0.0,0.0,0.0,0.0,0.0,0.0
155,2020-08-03,2.0,Maine,MH,59,0.0,8.0,155,1.0,0.0,1,,,,,1.0,0.0,0.0,0.0,0.0,0.0,0.0,0.0,0.0,0.0
156,2020-08-04,1.0,Maine,MH,59,1.0,8.0,156,1.0,1.0,1,,,,,2.0,0.0,0.0,0.0,0.0,0.0,0.0,0.0,0.0,0.0
157,2020-08-05,0.0,Maine,MH,59,2.0,8.0,157,1.0,2.0,1,,,,,0.0,0.0,0.0,0.0,0.0,0.0,0.0,0.0,0.0,0.0
158,2020-08-06,2.0,Maine,MH,59,3.0,8.0,158,1.0,3.0,1,,,,,0.0,0.0,0.0,0.0,0.0,0.0,0.0,0.0,0.0,0.0
159,2020-08-07,0.0,Maine,MH,59,4.0,8.0,159,2.0,4.0,2,,,,,4.0,0.0,0.0,0.0,0.0,0.0,0.0,0.0,0.0,0.0
160,2020-08-08,0.0,Maine,MH,59,5.0,8.0,160,2.0,5.0,2,,,,,1.0,0.0,0.0,0.0,0.0,0.0,0.0,0.0,0.0,0.0
161,2020-08-09,0.0,Maine,MH,59,6.0,8.0,161,2.0,6.0,2,,,,,5.0,0.0,0.0,0.0,0.0,0.0,0.0,0.0,0.0,0.0
162,2020-08-10,0.0,Maine,MH,59,0.0,8.0,162,2.0,0.0,2,,,,,2.0,0.0,0.0,0.0,0.0,0.0,0.0,0.0,0.0,0.0
163,2020-08-11,3.0,Maine,MH,59,1.0,8.0,163,2.0,1.0,2,,,,,1.0,0.0,0.0,0.0,0.0,0.0,0.0,0.0,0.0,0.0
164,2020-08-12,3.0,Maine,MH,59,2.0,8.0,164,2.0,2.0,2,,,,,0.0,0.0,0.0,0.0,0.0,0.0,0.0,0.0,0.0,0.0
165,2020-08-13,7.0,Maine,MH,59,3.0,8.0,165,2.0,3.0,2,,,,,2.0,0.0,0.0,0.0,0.0,0.0,0.0,0.0,0.0,0.0
166,2020-08-14,0.0,Maine,MH,59,4.0,8.0,166,3.0,4.0,3,,,,,0.0,0.0,0.0,0.0,0.0,0.0,0.0,0.0,0.0,0.0
167,2020-08-15,4.0,Maine,MH,59,5.0,8.0,167,3.0,5.0,3,,,,,0.0,0.0,0.0,0.0,0.0,0.0,0.0,0.0,0.0,0.0
168,2020-08-16,2.0,Maine,MH,59,6.0,8.0,168,3.0,6.0,3,,,,,0.0,0.0,0.0,0.0,0.0,0.0,0.0,0.0,0.0,0.0
169,2020-08-17,3.0,Maine,MH,59,0.0,8.0,169,3.0,0.0,3,,,,,0.0,0.0,0.0,0.0,0.0,0.0,0.0,0.0,0.0,0.0
170,2020-08-18,1.0,Maine,MH,59,1.0,8.0,170,3.0,1.0,3,,,,,3.0,0.0,0.0,0.0,0.0,0.0,0.0,0.0,0.0,0.0
171,2020-08-19,3.0,Maine,MH,59,2.0,8.0,171,3.0,2.0,3,,,,,3.0,0.0,0.0,0.0,0.0,0.0,0.0,0.0,0.0,0.0
172,2020-08-20,2.0,Maine,MH,59,3.0,8.0,172,3.0,3.0,3,,,,,7.0,0.0,0.0,0.0,0.0,0.0,0.0,0.0,0.0,0.0
173,2020-08-21,3.0,Maine,MH,59,4.0,8.0,173,4.0,4.0,4,,,,,0.0,0.0,0.0,0.0,0.0,0.0,0.0,0.0,0.0,0.0
174,2020-08-22,0.0,Maine,MH,59,5.0,8.0,174,4.0,5.0,4,,,,,4.0,0.0,0.0,0.0,0.0,0.0,0.0,0.0,0.0,0.0
175,2020-08-23,0.0,Maine,MH,59,6.0,8.0,175,4.0,6.0,4,,,,,2.0,0.0,0.0,0.0,0.0,0.0,0.0,0.0,0.0,0.0
176,2020-08-24,5.0,Maine,MH,59,0.0,8.0,176,4.0,0.0,4,,,,,3.0,0.0,0.0,0.0,0.0,0.0,0.0,0.0,0.0,0.0
177,2020-08-25,1.0,Maine,MH,59,1.0,8.0,177,4.0,1.0,4,,,,,1.0,0.0,0.0,0.0,0.0,0.0,0.0,0.0,0.0,0.0
178,2020-08-26,2.0,Maine,MH,59,2.0,8.0,178,4.0,2.0,4,,,,,3.0,0.0,0.0,0.0,0.0,0.0,0.0,0.0,0.0,0.0
179,2020-08-27,3.0,Maine,MH,59,3.0,8.0,179,4.0,3.0,4,,,,,2.0,0.0,0.0,0.0,0.0,0.0,0.0,0.0,0.0,0.0
180,2020-08-28,0.0,Maine,MH,59,4.0,8.0,180,5.0,4.0,5,,,,,3.0,0.0,0.0,0.0,0.0,0.0,0.0,0.0,0.0,0.0
181,2020-08-29,1.0,Maine,MH,59,5.0,8.0,181,5.0,5.0,5,,,,,0.0,0.0,0.0,0.0,0.0,0.0,0.0,0.0,0.0,0.0
182,2020-08-30,5.0,Maine,MH,59,6.0,8.0,182,5.0,6.0,5,,,,,0.0,0.0,0.0,0.0,0.0,0.0,0.0,0.0,0.0,0.0
183,2020-08-31,1.0,Maine,MH,59,0.0,8.0,183,5.0,0.0,5,,,,,5.0,0.0,0.0,0.0,0.0,0.0,0.0,0.0,0.0,0.0
184,2020-09-01,2.0,Maine,MH,59,1.0,9.0,184,1.0,1.0,1,,,,,1.0,0.0,0.0,0.0,0.0,0.0,0.0,0.0,0.0,0.0
185,2020-09-02,2.0,Maine,MH,59,2.0,9.0,185,1.0,2.0,1,,,,,2.0,0.0,0.0,0.0,0.0,0.0,0.0,0.0,0.0,0.0
186,2020-09-03,0.0,Maine,MH,59,3.0,9.0,186,1.0,3.0,1,,,,,3.0,0.0,0.0,0.0,0.0,0.0,0.0,0.0,0.0,0.0
187,2020-09-04,1.0,Maine,MH,59,4.0,9.0,187,1.0,4.0,1,,,,,0.0,0.0,0.0,0.0,0.0,0.0,0.0,0.0,0.0,0.0
188,2020-09-05,0.0,Maine,MH,59,5.0,9.0,188,1.0,5.0,1,,,,,1.0,0.0,0.0,0.0,0.0,0.0,0.0,0.0,0.0,0.0
189,2020-09-06,0.0,Maine,MH,59,6.0,9.0,189,1.0,6.0,1,,,,,5.0,0.0,0.0,0.0,0.0,0.0,0.0,0.0,0.0,0.0
190,2020-09-07,0.0,Maine,MH,59,0.0,9.0,190,2.0,0.0,2,,,,,1.0,0.0,0.0,0.0,0.0,0.0,0.0,0.0,0.0,0.0
191,2020-09-08,8.0,Maine,MH,59,1.0,9.0,191,2.0,1.0,2,,,,,2.0,0.0,0.0,0.0,0.0,0.0,0.0,0.0,0.0,0.0
192,2020-09-09,0.0,Maine,MH,59,2.0,9.0,192,2.0,2.0,2,,,,,2.0,0.0,0.0,0.0,0.0,0.0,0.0,0.0,0.0,0.0
193,2020-09-10,0.0,Maine,MH,59,3.0,9.0,193,2.0,3.0,2,,,,,0.0,0.0,0.0,0.0,0.0,0.0,0.0,0.0,0.0,0.0
194,2020-09-11,6.0,Maine,MH,59,4.0,9.0,194,2.0,4.0,2,,,,,1.0,0.0,0.0,0.0,0.0,0.0,0.0,0.0,0.0,0.0
195,2020-09-12,2.0,Maine,MH,59,5.0,9.0,195,2.0,5.0,2,,,,,0.0,0.0,0.0,0.0,0.0,0.0,0.0,0.0,0.0,0.0
196,2020-09-13,8.0,Maine,MH,59,6.0,9.0,196,2.0,6.0,2,,,,,0.0,0.0,0.0,0.0,0.0,0.0,0.0,0.0,0.0,0.0
197,2020-09-14,0.0,Maine,MH,59,0.0,9.0,197,3.0,0.0,3,,,,,0.0,0.0,0.0,0.0,0.0,0.0,0.0,0.0,0.0,0.0
198,2020-09-15,0.0,Maine,MH,59,1.0,9.0,198,3.0,1.0,3,,,,,8.0,0.0,0.0,0.0,0.0,0.0,0.0,0.0,0.0,0.0
199,2020-09-16,0.0,Maine,MH,59,2.0,9.0,199,3.0,2.0,3,,,,,0.0,0.0,0.0,0.0,0.0,0.0,0.0,0.0,0.0,0.0
200,2020-09-17,2.0,Maine,MH,59,3.0,9.0,200,3.0,3.0,3,,,,,0.0,0.0,0.0,0.0,0.0,0.0,0.0,0.0,0.0,0.0
201,2020-09-18,2.0,Maine,MH,59,4.0,9.0,201,3.0,4.0,3,,,,,6.0,0.0,0.0,0.0,0.0,0.0,0.0,0.0,0.0,0.0
202,2020-09-19,3.0,Maine,MH,59,5.0,9.0,202,3.0,5.0,3,,,,,2.0,0.0,0.0,0.0,0.0,0.0,0.0,0.0,0.0,0.0
203,2020-09-20,4.0,Maine,MH,59,6.0,9.0,203,3.0,6.0,3,,,,,8.0,0.0,0.0,0.0,0.0,0.0,0.0,0.0,0.0,0.0
204,2020-09-21,3.0,Maine,MH,59,0.0,9.0,204,4.0,0.0,4,,,,,0.0,0.0,0.0,0.0,0.0,0.0,0.0,0.0,0.0,0.0
205,2020-09-22,4.0,Maine,MH,59,1.0,9.0,205,4.0,1.0,4,,,,,0.0,0.0,0.0,0.0,0.0,0.0,0.0,0.0,0.0,0.0
206,2020-09-23,2.0,Maine,MH,59,2.0,9.0,206,4.0,2.0,4,,,,,0.0,0.0,0.0,0.0,0.0,0.0,0.0,0.0,0.0,0.0
207,2020-09-24,3.0,Maine,MH,59,3.0,9.0,207,4.0,3.0,4,,,,,2.0,0.0,0.0,0.0,0.0,0.0,0.0,0.0,0.0,0.0
208,2020-09-25,5.0,Maine,MH,59,4.0,9.0,208,4.0,4.0,4,,,,,2.0,0.0,0.0,0.0,0.0,0.0,0.0,0.0,0.0,0.0
209,2020-09-26,0.0,Maine,MH,59,5.0,9.0,209,4.0,5.0,4,,,,,3.0,0.0,0.0,0.0,0.0,0.0,0.0,0.0,0.0,0.0
210,2020-09-27,0.0,Maine,MH,59,6.0,9.0,210,4.0,6.0,4,,,,,4.0,0.0,0.0,0.0,0.0,0.0,0.0,0.0,0.0,0.0
211,2020-09-28,11.0,Maine,MH,59,0.0,9.0,211,5.0,0.0,5,,,,,3.0,0.0,0.0,0.0,0.0,0.0,0.0,0.0,0.0,0.0
212,2020-09-29,2.0,Maine,MH,59,1.0,9.0,212,5.0,1.0,5,,,,,4.0,0.0,0.0,0.0,0.0,0.0,0.0,0.0,0.0,0.0
213,2020-09-30,0.0,Maine,MH,59,2.0,9.0,213,5.0,2.0,5,,,,,2.0,0.0,0.0,0.0,0.0,0.0,0.0,0.0,0.0,0.0
214,2020-10-01,1.0,Maine,MH,59,3.0,10.0,214,1.0,3.0,1,,,,,3.0,0.0,0.0,0.0,0.0,0.0,0.0,0.0,0.0,0.0
215,2020-10-02,1.0,Maine,MH,59,4.0,10.0,215,1.0,4.0,1,,,,,5.0,0.0,0.0,0.0,0.0,0.0,0.0,0.0,0.0,0.0
216,2020-10-03,0.0,Maine,MH,59,5.0,10.0,216,1.0,5.0,1,,,,,0.0,0.0,0.0,0.0,0.0,0.0,0.0,0.0,0.0,0.0
217,2020-10-04,3.0,Maine,MH,59,6.0,10.0,217,1.0,6.0,1,,,,,0.0,0.0,0.0,0.0,0.0,0.0,0.0,0.0,0.0,0.0
218,2020-10-05,2.0,Maine,MH,59,0.0,10.0,218,1.0,0.0,1,,,,,11.0,0.0,0.0,0.0,0.0,0.0,0.0,0.0,0.0,0.0
219,2020-10-06,9.0,Maine,MH,59,1.0,10.0,219,1.0,1.0,1,,,,,2.0,0.0,0.0,0.0,0.0,0.0,0.0,0.0,0.0,0.0
220,2020-10-07,5.0,Maine,MH,59,2.0,10.0,220,2.0,2.0,2,,,,,0.0,0.0,0.0,0.0,0.0,0.0,0.0,0.0,0.0,0.0
221,2020-10-08,4.0,Maine,MH,59,3.0,10.0,221,2.0,3.0,2,,,,,1.0,0.0,0.0,0.0,0.0,0.0,0.0,0.0,0.0,0.0
222,2020-10-09,2.0,Maine,MH,59,4.0,10.0,222,2.0,4.0,2,,,,,1.0,0.0,0.0,0.0,0.0,0.0,0.0,0.0,0.0,0.0
223,2020-10-10,4.0,Maine,MH,59,5.0,10.0,223,2.0,5.0,2,,,,,0.0,0.0,0.0,0.0,0.0,0.0,0.0,0.0,0.0,0.0
224,2020-10-11,6.0,Maine,MH,59,6.0,10.0,224,2.0,6.0,2,,,,,3.0,0.0,0.0,0.0,0.0,0.0,0.0,0.0,0.0,0.0
225,2020-10-12,3.0,Maine,MH,59,0.0,10.0,225,2.0,0.0,2,,,,,2.0,0.0,0.0,0.0,0.0,0.0,0.0,0.0,0.0,0.0
226,2020-10-13,4.0,Maine,MH,59,1.0,10.0,226,2.0,1.0,2,,,,,9.0,0.0,0.0,0.0,0.0,0.0,0.0,0.0,0.0,0.0
227,2020-10-14,5.0,Maine,MH,59,2.0,10.0,227,3.0,2.0,3,,,,,5.0,0.0,0.0,0.0,0.0,0.0,0.0,0.0,0.0,0.0
228,2020-10-15,3.0,Maine,MH,59,3.0,10.0,228,3.0,3.0,3,,,,,4.0,0.0,0.0,0.0,0.0,0.0,0.0,0.0,0.0,0.0
229,2020-10-16,8.0,Maine,MH,59,4.0,10.0,229,3.0,4.0,3,,,,,2.0,0.0,0.0,0.0,0.0,0.0,0.0,0.0,0.0,0.0
230,2020-10-17,2.0,Maine,MH,59,5.0,10.0,230,3.0,5.0,3,,,,,4.0,0.0,0.0,0.0,0.0,0.0,0.0,0.0,0.0,0.0
231,2020-10-18,6.0,Maine,MH,59,6.0,10.0,231,3.0,6.0,3,,,,,6.0,0.0,0.0,0.0,0.0,0.0,0.0,0.0,0.0,0.0
232,2020-10-19,5.0,Maine,MH,59,0.0,10.0,232,3.0,0.0,3,,,,,3.0,0.0,0.0,0.0,0.0,0.0,0.0,0.0,0.0,0.0
233,2020-10-20,3.0,Maine,MH,59,1.0,10.0,233,3.0,1.0,3,,,,,4.0,0.0,0.0,0.0,0.0,0.0,0.0,0.0,0.0,0.0
234,2020-10-21,2.0,Maine,MH,59,2.0,10.0,234,4.0,2.0,4,,,,,5.0,0.0,0.0,0.0,0.0,0.0,0.0,0.0,0.0,0.0
235,2020-10-22,7.0,Maine,MH,59,3.0,10.0,235,4.0,3.0,4,,,,,3.0,0.0,0.0,0.0,0.0,0.0,0.0,0.0,0.0,0.0
236,2020-10-23,5.0,Maine,MH,59,4.0,10.0,236,4.0,4.0,4,,,,,8.0,0.0,0.0,0.0,0.0,0.0,0.0,0.0,0.0,0.0
237,2020-10-24,8.0,Maine,MH,59,5.0,10.0,237,4.0,5.0,4,,,,,2.0,0.0,0.0,0.0,0.0,0.0,0.0,0.0,0.0,0.0
238,2020-10-25,8.0,Maine,MH,59,6.0,10.0,238,4.0,6.0,4,,,,,6.0,0.0,0.0,0.0,0.0,0.0,0.0,0.0,0.0,0.0
239,2020-10-26,8.0,Maine,MH,59,0.0,10.0,239,4.0,0.0,4,,,,,5.0,0.0,0.0,0.0,0.0,0.0,0.0,0.0,0.0,0.0
240,2020-10-27,7.0,Maine,MH,59,1.0,10.0,240,4.0,1.0,4,,,,,3.0,0.0,0.0,0.0,0.0,0.0,0.0,0.0,0.0,0.0
241,2020-10-28,6.0,Maine,MH,59,2.0,10.0,241,5.0,2.0,5,,,,,2.0,0.0,0.0,0.0,0.0,0.0,0.0,0.0,0.0,0.0
242,2020-10-29,13.0,Maine,MH,59,3.0,10.0,242,5.0,3.0,5,,,,,7.0,0.0,0.0,0.0,0.0,0.0,0.0,0.0,0.0,0.0
243,2020-10-30,12.0,Maine,MH,59,4.0,10.0,243,5.0,4.0,5,,,,,5.0,0.0,0.0,0.0,0.0,0.0,0.0,0.0,0.0,0.0
244,2020-10-31,1.0,Maine,MH,59,5.0,10.0,244,5.0,5.0,5,,,,,8.0,0.0,0.0,0.0,0.0,0.0,0.0,0.0,0.0,0.0
245,2020-11-01,10.0,Maine,MH,59,6.0,11.0,245,1.0,6.0,1,,,,,8.0,0.0,0.0,0.0,0.0,0.0,0.0,0.0,0.0,0.0
246,2020-11-02,17.0,Maine,MH,59,0.0,11.0,246,1.0,0.0,1,,,,,8.0,0.0,0.0,0.0,0.0,0.0,0.0,0.0,0.0,0.0
247,2020-11-03,14.0,Maine,MH,59,1.0,11.0,247,1.0,1.0,1,,,,,7.0,0.0,0.0,0.0,0.0,0.0,0.0,0.0,0.0,0.0
248,2020-11-04,10.0,Maine,MH,59,2.0,11.0,248,1.0,2.0,1,,,,,6.0,0.0,0.0,0.0,0.0,0.0,0.0,0.0,0.0,0.0
249,2020-11-05,10.0,Maine,MH,59,3.0,11.0,249,1.0,3.0,1,,,,,13.0,0.0,0.0,0.0,0.0,0.0,0.0,0.0,0.0,0.0
250,2020-11-06,19.0,Maine,MH,59,4.0,11.0,250,1.0,4.0,1,,,,,12.0,0.0,0.0,0.0,0.0,0.0,0.0,0.0,0.0,0.0
251,2020-11-07,2.0,Maine,MH,59,5.0,11.0,251,2.0,5.0,2,,,,,1.0,0.0,0.0,0.0,0.0,0.0,0.0,0.0,0.0,0.0
252,2020-11-08,14.0,Maine,MH,59,6.0,11.0,252,2.0,6.0,2,,,,,10.0,0.0,0.0,0.0,0.0,0.0,0.0,0.0,0.0,0.0
253,2020-11-09,12.0,Maine,MH,59,0.0,11.0,253,2.0,0.0,2,,,,,17.0,0.0,0.0,0.0,0.0,0.0,0.0,0.0,0.0,0.0
254,2020-11-10,23.0,Maine,MH,59,1.0,11.0,254,2.0,1.0,2,,,,,14.0,0.0,0.0,0.0,0.0,0.0,0.0,0.0,0.0,0.0
255,2020-11-11,18.0,Maine,MH,59,2.0,11.0,255,2.0,2.0,2,,,,,10.0,0.0,0.0,0.0,0.0,0.0,0.0,0.0,0.0,0.0
256,2020-11-12,14.0,Maine,MH,59,3.0,11.0,256,2.0,3.0,2,,,,,10.0,0.0,0.0,0.0,0.0,0.0,0.0,0.0,0.0,0.0
257,2020-11-13,32.0,Maine,MH,59,4.0,11.0,257,2.0,4.0,2,,,,,19.0,0.0,0.0,0.0,0.0,0.0,0.0,0.0,0.0,0.0
258,2020-11-14,21.0,Maine,MH,59,5.0,11.0,258,3.0,5.0,3,,,,,2.0,0.0,0.0,0.0,0.0,0.0,0.0,0.0,0.0,0.0
259,2020-11-15,14.0,Maine,MH,59,6.0,11.0,259,3.0,6.0,3,,,,,14.0,0.0,0.0,0.0,0.0,0.0,0.0,0.0,0.0,0.0
260,2020-11-16,24.0,Maine,MH,59,0.0,11.0,260,3.0,0.0,3,,,,,12.0,0.0,0.0,0.0,0.0,0.0,0.0,0.0,0.0,0.0
261,2020-11-17,17.0,Maine,MH,59,1.0,11.0,261,3.0,1.0,3,,,,,23.0,0.0,0.0,0.0,0.0,0.0,0.0,0.0,0.0,0.0
262,2020-11-18,24.0,Maine,MH,59,2.0,11.0,262,3.0,2.0,3,,,,,18.0,0.0,0.0,0.0,0.0,0.0,0.0,0.0,0.0,0.0
263,2020-11-19,34.0,Maine,MH,59,3.0,11.0,263,3.0,3.0,3,,,,,14.0,0.0,0.0,0.0,0.0,0.0,0.0,0.0,0.0,0.0
264,2020-11-20,27.0,Maine,MH,59,4.0,11.0,264,3.0,4.0,3,,,,,32.0,0.0,0.0,0.0,0.0,0.0,0.0,0.0,0.0,0.0
265,2020-11-21,19.0,Maine,MH,59,5.0,11.0,265,4.0,5.0,4,,,,,21.0,0.0,0.0,0.0,0.0,0.0,0.0,0.0,0.0,0.0
266,2020-11-22,7.0,Maine,MH,59,6.0,11.0,266,4.0,6.0,4,,,,,14.0,0.0,0.0,0.0,0.0,0.0,0.0,0.0,0.0,0.0
267,2020-11-23,46.0,Maine,MH,59,0.0,11.0,267,4.0,0.0,4,,,,,24.0,0.0,0.0,0.0,0.0,0.0,0.0,0.0,0.0,0.0
268,2020-11-24,59.0,Maine,MH,59,1.0,11.0,268,4.0,1.0,4,,,,,17.0,0.0,0.0,0.0,0.0,0.0,0.0,0.0,0.0,0.0
269,2020-11-25,100.0,Maine,MH,59,2.0,11.0,269,4.0,2.0,4,,,,,24.0,0.0,0.0,0.0,0.0,0.0,0.0,0.0,0.0,0.0
270,2020-11-26,41.0,Maine,MH,59,3.0,11.0,270,4.0,3.0,4,,,,,34.0,0.0,0.0,0.0,0.0,0.0,0.0,0.0,0.0,0.0
271,2020-11-27,10.0,Maine,MH,59,4.0,11.0,271,4.0,4.0,4,,,,,27.0,0.0,0.0,0.0,0.0,0.0,0.0,0.0,0.0,0.0
272,2020-11-28,75.0,Maine,MH,59,5.0,11.0,272,5.0,5.0,5,,,,,19.0,0.0,0.0,0.0,0.0,0.0,0.0,0.0,0.0,0.0
273,2020-11-29,127.0,Maine,MH,59,6.0,11.0,273,5.0,6.0,5,,,,,7.0,0.0,0.0,0.0,0.0,0.0,0.0,0.0,0.0,0.0
274,2020-11-30,39.0,Maine,MH,59,0.0,11.0,274,5.0,0.0,5,,,,,46.0,0.0,0.0,0.0,0.0,0.0,0.0,0.0,0.0,0.0
275,2020-12-01,95.0,Maine,MH,59,1.0,12.0,275,1.0,1.0,1,,,,,59.0,0.0,0.0,0.0,0.0,0.0,0.0,0.0,0.0,0.0
276,2020-12-02,89.0,Maine,MH,59,2.0,12.0,276,1.0,2.0,1,,,,,100.0,0.0,0.0,0.0,0.0,0.0,0.0,0.0,0.0,0.0
277,2020-12-03,92.0,Maine,MH,59,3.0,12.0,277,1.0,3.0,1,,,,,41.0,0.0,0.0,0.0,0.0,0.0,0.0,0.0,0.0,0.0
278,2020-12-04,78.0,Maine,MH,59,4.0,12.0,278,1.0,4.0,1,,,,,10.0,0.0,0.0,0.0,0.0,0.0,0.0,0.0,0.0,0.0
279,2020-12-05,75.0,Maine,MH,59,5.0,12.0,279,1.0,5.0,1,,,,,75.0,0.0,0.0,0.0,0.0,0.0,0.0,0.0,0.0,0.0
280,2020-12-06,69.0,Maine,MH,59,6.0,12.0,280,1.0,6.0,1,,,,,127.0,0.0,0.0,0.0,0.0,0.0,0.0,0.0,0.0,0.0
281,2020-12-07,80.0,Maine,MH,59,0.0,12.0,281,2.0,0.0,2,,,,,39.0,0.0,0.0,0.0,0.0,0.0,0.0,0.0,0.0,0.0
282,2020-12-08,78.0,Maine,MH,59,1.0,12.0,282,2.0,1.0,2,,,,,95.0,0.0,0.0,0.0,0.0,0.0,0.0,0.0,0.0,0.0
283,2020-12-09,66.0,Maine,MH,59,2.0,12.0,283,2.0,2.0,2,,,,,89.0,0.0,0.0,0.0,0.0,0.0,0.0,0.0,0.0,0.0
284,2020-12-10,74.0,Maine,MH,59,3.0,12.0,284,2.0,3.0,2,,,,,92.0,0.0,0.0,0.0,0.0,0.0,0.0,0.0,0.0,0.0
285,2020-12-11,14.0,Maine,MH,59,4.0,12.0,285,2.0,4.0,2,,,,,78.0,0.0,0.0,0.0,0.0,0.0,0.0,0.0,0.0,0.0
286,2020-12-12,94.0,Maine,MH,59,5.0,12.0,286,2.0,5.0,2,,,,,75.0,0.0,0.0,0.0,0.0,0.0,0.0,0.0,0.0,0.0
287,2020-12-13,79.0,Maine,MH,59,6.0,12.0,287,2.0,6.0,2,,,,,69.0,0.0,0.0,0.0,0.0,0.0,0.0,0.0,0.0,0.0
288,2020-12-14,107.0,Maine,MH,59,0.0,12.0,288,3.0,0.0,3,,,,,80.0,0.0,0.0,0.0,0.0,0.0,0.0,0.0,0.0,0.0
289,2020-12-15,80.0,Maine,MH,59,1.0,12.0,289,3.0,1.0,3,,,,,78.0,0.0,0.0,0.0,0.0,0.0,0.0,0.0,0.0,0.0
290,2020-12-16,21.0,Maine,MH,59,2.0,12.0,290,3.0,2.0,3,,,,,66.0,0.0,0.0,0.0,0.0,0.0,0.0,0.0,0.0,0.0
291,2020-12-17,115.0,Maine,MH,59,3.0,12.0,291,3.0,3.0,3,,,,,74.0,0.0,0.0,0.0,0.0,0.0,0.0,0.0,0.0,0.0
292,2020-12-18,13.0,Maine,MH,59,4.0,12.0,292,3.0,4.0,3,,,,,14.0,0.0,0.0,0.0,0.0,0.0,0.0,0.0,0.0,0.0
293,2020-12-19,105.0,Maine,MH,59,5.0,12.0,293,3.0,5.0,3,,,,,94.0,0.0,0.0,0.0,0.0,0.0,0.0,0.0,0.0,0.0
294,2020-12-20,10.0,Maine,MH,59,6.0,12.0,294,3.0,6.0,3,,,,,79.0,0.0,0.0,0.0,0.0,0.0,0.0,0.0,0.0,0.0
295,2020-12-21,118.0,Maine,MH,59,0.0,12.0,295,4.0,0.0,4,,,,,107.0,0.0,0.0,0.0,0.0,0.0,0.0,0.0,0.0,0.0
296,2020-12-22,80.0,Maine,MH,59,1.0,12.0,296,4.0,1.0,4,,,,,80.0,0.0,0.0,0.0,0.0,0.0,0.0,0.0,0.0,0.0
297,2020-12-23,77.0,Maine,MH,59,2.0,12.0,297,4.0,2.0,4,,,,,21.0,0.0,0.0,0.0,0.0,0.0,0.0,0.0,0.0,0.0
298,2020-12-24,41.0,Maine,MH,59,3.0,12.0,298,4.0,3.0,4,,,,,115.0,0.0,0.0,0.0,0.0,0.0,0.0,0.0,0.0,0.0
299,2020-12-25,37.0,Maine,MH,59,4.0,12.0,299,4.0,4.0,4,,,,,13.0,0.0,0.0,0.0,0.0,0.0,0.0,0.0,0.0,0.0
300,2020-12-26,21.0,Maine,MH,59,5.0,12.0,300,4.0,5.0,4,,,,,105.0,0.0,0.0,0.0,0.0,0.0,0.0,0.0,0.0,0.0
301,2020-12-27,90.0,Maine,MH,59,6.0,12.0,301,4.0,6.0,4,,,,,10.0,0.0,0.0,0.0,0.0,0.0,0.0,0.0,0.0,0.0
302,2020-12-28,84.0,Maine,MH,59,0.0,12.0,302,5.0,0.0,5,,,,,118.0,0.0,0.0,0.0,0.0,0.0,0.0,0.0,0.0,0.0
303,2020-12-29,35.0,Maine,MH,59,1.0,12.0,303,5.0,1.0,5,,,,,80.0,0.0,0.0,0.0,0.0,0.0,0.0,0.0,0.0,0.0
304,2020-12-30,209.0,Maine,MH,59,2.0,12.0,304,5.0,2.0,5,,,,,77.0,0.0,0.0,0.0,0.0,0.0,0.0,0.0,0.0,0.0
305,2020-12-31,129.0,Maine,MH,59,3.0,12.0,305,5.0,3.0,5,,,,,41.0,0.0,0.0,0.0,0.0,0.0,0.0,0.0,0.0,0.0
306,2021-01-01,25.0,Maine,MH,59,4.0,1.0,306,1.0,4.0,1,,,,,37.0,0.0,0.0,0.0,0.0,0.0,0.0,0.0,0.0,0.0
307,2021-01-02,15.0,Maine,MH,59,5.0,1.0,307,1.0,5.0,1,,,,,21.0,0.0,0.0,0.0,0.0,0.0,0.0,0.0,0.0,0.0
308,2021-01-03,192.0,Maine,MH,59,6.0,1.0,308,1.0,6.0,1,,,,,90.0,0.0,0.0,0.0,0.0,0.0,0.0,0.0,0.0,0.0
309,2021-01-04,140.0,Maine,MH,59,0.0,1.0,309,1.0,0.0,1,,,,,84.0,0.0,0.0,0.0,0.0,0.0,0.0,0.0,0.0,0.0
310,2021-01-05,156.0,Maine,MH,59,1.0,1.0,310,1.0,1.0,1,,,,,35.0,0.0,0.0,0.0,0.0,0.0,0.0,0.0,0.0,0.0
311,2021-01-06,63.0,Maine,MH,59,2.0,1.0,311,1.0,2.0,1,,,,,209.0,0.0,0.0,0.0,0.0,0.0,0.0,0.0,0.0,0.0
312,2021-01-07,301.0,Maine,MH,59,3.0,1.0,312,2.0,3.0,2,,,,,129.0,0.0,0.0,0.0,0.0,0.0,0.0,0.0,0.0,0.0
313,2021-01-08,150.0,Maine,MH,59,4.0,1.0,313,2.0,4.0,2,,,,,25.0,0.0,0.0,0.0,0.0,0.0,0.0,0.0,0.0,0.0
314,2021-01-09,167.0,Maine,MH,59,5.0,1.0,314,2.0,5.0,2,,,,,15.0,0.0,0.0,0.0,0.0,0.0,0.0,0.0,0.0,0.0
315,2021-01-10,132.0,Maine,MH,59,6.0,1.0,315,2.0,6.0,2,,,,,192.0,0.0,0.0,0.0,0.0,0.0,0.0,0.0,0.0,0.0
316,2021-01-11,139.0,Maine,MH,59,0.0,1.0,316,2.0,0.0,2,,,,,140.0,0.0,0.0,0.0,0.0,0.0,0.0,0.0,0.0,0.0
317,2021-01-12,143.0,Maine,MH,59,1.0,1.0,317,2.0,1.0,2,,,,,156.0,0.0,0.0,0.0,0.0,0.0,0.0,0.0,0.0,0.0
318,2021-01-13,132.0,Maine,MH,59,2.0,1.0,318,2.0,2.0,2,,,,,63.0,0.0,0.0,0.0,0.0,0.0,0.0,0.0,0.0,0.0
319,2021-01-14,136.0,Maine,MH,59,3.0,1.0,319,3.0,3.0,3,,,,,301.0,0.0,0.0,0.0,0.0,0.0,0.0,0.0,0.0,0.0
320,2021-01-15,109.0,Maine,MH,59,4.0,1.0,320,3.0,4.0,3,,,,,150.0,0.0,0.0,0.0,0.0,0.0,0.0,0.0,0.0,0.0
321,2021-01-16,108.0,Maine,MH,59,5.0,1.0,321,3.0,5.0,3,,,,,167.0,0.0,0.0,0.0,0.0,0.0,0.0,0.0,0.0,0.0
322,2021-01-17,95.0,Maine,MH,59,6.0,1.0,322,3.0,6.0,3,,,,,132.0,0.0,0.0,0.0,0.0,0.0,0.0,0.0,0.0,0.0
323,2021-01-18,137.0,Maine,MH,59,0.0,1.0,323,3.0,0.0,3,,,,,139.0,0.0,0.0,0.0,0.0,0.0,0.0,0.0,0.0,0.0
324,2021-01-19,119.0,Maine,MH,59,1.0,1.0,324,3.0,1.0,3,,,,,143.0,0.0,0.0,0.0,0.0,0.0,0.0,0.0,0.0,0.0
325,2021-01-20,108.0,Maine,MH,59,2.0,1.0,325,3.0,2.0,3,,,,,132.0,0.0,0.0,0.0,0.0,0.0,0.0,0.0,0.0,0.0
326,2021-01-21,106.0,Maine,MH,59,3.0,1.0,326,4.0,3.0,4,,,,,136.0,0.0,0.0,0.0,0.0,0.0,0.0,0.0,0.0,0.0
327,2021-01-22,15.0,Maine,MH,59,4.0,1.0,327,4.0,4.0,4,,,,,109.0,0.0,0.0,0.0,0.0,0.0,0.0,0.0,0.0,0.0
328,2021-01-23,209.0,Maine,MH,59,5.0,1.0,328,4.0,5.0,4,,,,,108.0,0.0,0.0,0.0,0.0,0.0,0.0,0.0,0.0,0.0
329,2021-01-24,90.0,Maine,MH,59,6.0,1.0,329,4.0,6.0,4,,,,,95.0,0.0,0.0,0.0,0.0,0.0,0.0,0.0,0.0,0.0
330,2021-01-25,148.0,Maine,MH,59,0.0,1.0,330,4.0,0.0,4,,,,,137.0,0.0,0.0,0.0,0.0,0.0,0.0,0.0,0.0,0.0
331,2021-01-26,86.0,Maine,MH,59,1.0,1.0,331,4.0,1.0,4,,,,,119.0,0.0,0.0,0.0,0.0,0.0,0.0,0.0,0.0,0.0
332,2021-01-27,106.0,Maine,MH,59,2.0,1.0,332,4.0,2.0,4,,,,,108.0,0.0,0.0,0.0,0.0,0.0,0.0,0.0,0.0,0.0
333,2021-01-28,94.0,Maine,MH,59,3.0,1.0,333,5.0,3.0,5,,,,,106.0,0.0,0.0,0.0,0.0,0.0,0.0,0.0,0.0,0.0
334,2021-01-29,93.0,Maine,MH,59,4.0,1.0,334,5.0,4.0,5,,,,,15.0,0.0,0.0,0.0,0.0,0.0,0.0,0.0,0.0,0.0
335,2021-01-30,76.0,Maine,MH,59,5.0,1.0,335,5.0,5.0,5,,,,,209.0,0.0,0.0,0.0,0.0,0.0,0.0,0.0,0.0,0.0
336,2021-01-31,63.0,Maine,MH,59,6.0,1.0,336,5.0,6.0,5,,,,,90.0,0.0,0.0,0.0,0.0,0.0,0.0,0.0,0.0,0.0
337,2021-02-01,92.0,Maine,MH,59,0.0,2.0,337,1.0,0.0,1,,,,,148.0,0.0,0.0,0.0,0.0,0.0,0.0,0.0,0.0,0.0
338,2021-02-02,68.0,Maine,MH,59,1.0,2.0,338,1.0,1.0,1,,,,,86.0,0.0,0.0,0.0,0.0,0.0,0.0,0.0,0.0,0.0
339,2021-02-03,65.0,Maine,MH,59,2.0,2.0,339,1.0,2.0,1,,,,,106.0,0.0,0.0,0.0,0.0,0.0,0.0,0.0,0.0,0.0
340,2021-02-04,81.0,Maine,MH,59,3.0,2.0,340,1.0,3.0,1,,,,,94.0,0.0,0.0,0.0,0.0,0.0,0.0,0.0,0.0,0.0
341,2021-02-05,91.0,Maine,MH,59,4.0,2.0,341,1.0,4.0,1,,,,,93.0,0.0,0.0,0.0,0.0,0.0,0.0,0.0,0.0,0.0
342,2021-02-06,59.0,Maine,MH,59,5.0,2.0,342,1.0,5.0,1,,,,,76.0,0.0,0.0,0.0,0.0,0.0,0.0,0.0,0.0,0.0
343,2021-02-07,59.0,Maine,MH,59,6.0,2.0,343,2.0,6.0,2,,,,,63.0,0.0,0.0,0.0,0.0,0.0,0.0,0.0,0.0,0.0
344,2021-02-08,71.0,Maine,MH,59,0.0,2.0,344,2.0,0.0,2,,,,,92.0,0.0,0.0,0.0,0.0,0.0,0.0,0.0,0.0,0.0
345,2021-02-09,58.0,Maine,MH,59,1.0,2.0,345,2.0,1.0,2,,,,,68.0,0.0,0.0,0.0,0.0,0.0,0.0,0.0,0.0,0.0
346,2021-02-10,63.0,Maine,MH,59,2.0,2.0,346,2.0,2.0,2,,,,,65.0,0.0,0.0,0.0,0.0,0.0,0.0,0.0,0.0,0.0
347,2021-02-11,53.0,Maine,MH,59,3.0,2.0,347,2.0,3.0,2,,,,,81.0,0.0,0.0,0.0,0.0,0.0,0.0,0.0,0.0,0.0
348,2021-02-12,57.0,Maine,MH,59,4.0,2.0,348,2.0,4.0,2,,,,,91.0,0.0,0.0,0.0,0.0,0.0,0.0,0.0,0.0,0.0
349,2021-02-13,3.0,Maine,MH,59,5.0,2.0,349,2.0,5.0,2,,,,,59.0,0.0,0.0,0.0,0.0,0.0,0.0,0.0,0.0,0.0
350,2021-02-14,87.0,Maine,MH,59,6.0,2.0,350,3.0,6.0,3,,,,,59.0,0.0,0.0,0.0,0.0,0.0,0.0,0.0,0.0,0.0
351,2021-02-15,33.0,Maine,MH,59,0.0,2.0,351,3.0,0.0,3,,,,,71.0,0.0,0.0,0.0,0.0,0.0,0.0,0.0,0.0,0.0
352,2021-02-16,73.0,Maine,MH,59,1.0,2.0,352,3.0,1.0,3,,,,,58.0,0.0,0.0,0.0,0.0,0.0,0.0,0.0,0.0,0.0
353,2021-02-17,63.0,Maine,MH,59,2.0,2.0,353,3.0,2.0,3,,,,,63.0,0.0,0.0,0.0,0.0,0.0,0.0,0.0,0.0,0.0
354,2021-02-18,53.0,Maine,MH,59,3.0,2.0,354,3.0,3.0,3,,,,,53.0,0.0,0.0,0.0,0.0,0.0,0.0,0.0,0.0,0.0
355,2021-02-19,53.0,Maine,MH,59,4.0,2.0,355,3.0,4.0,3,,,,,57.0,0.0,0.0,0.0,0.0,0.0,0.0,0.0,0.0,0.0
356,2021-02-20,47.0,Maine,MH,59,5.0,2.0,356,3.0,5.0,3,,,,,3.0,0.0,0.0,0.0,0.0,0.0,0.0,0.0,0.0,0.0
357,2021-02-21,46.0,Maine,MH,59,6.0,2.0,357,4.0,6.0,4,,,,,87.0,0.0,0.0,0.0,0.0,0.0,0.0,0.0,0.0,0.0
358,2021-02-22,57.0,Maine,MH,59,0.0,2.0,358,4.0,0.0,4,,,,,33.0,0.0,0.0,0.0,0.0,0.0,0.0,0.0,0.0,0.0
359,2021-02-23,72.0,Maine,MH,59,1.0,2.0,359,4.0,1.0,4,,,,,73.0,0.0,0.0,0.0,0.0,0.0,0.0,0.0,0.0,0.0
360,2021-02-24,108.0,Maine,MH,59,2.0,2.0,360,4.0,2.0,4,,,,,63.0,0.0,0.0,0.0,0.0,0.0,0.0,0.0,0.0,0.0
361,2021-02-25,48.0,Maine,MH,59,3.0,2.0,361,4.0,3.0,4,,,,,53.0,0.0,0.0,0.0,0.0,0.0,0.0,0.0,0.0,0.0
362,2021-02-26,91.0,Maine,MH,59,4.0,2.0,362,4.0,4.0,4,,,,,53.0,0.0,0.0,0.0,0.0,0.0,0.0,0.0,0.0,0.0
363,2021-02-27,55.0,Maine,MH,59,5.0,2.0,363,4.0,5.0,4,,,,,47.0,0.0,0.0,0.0,0.0,0.0,0.0,0.0,0.0,0.0
364,2021-02-28,56.0,Maine,MH,59,6.0,2.0,364,5.0,6.0,5,,,,,46.0,0.0,0.0,0.0,0.0,0.0,0.0,0.0,0.0,0.0
365,2021-03-01,94.0,Maine,MH,59,0.0,3.0,365,1.0,0.0,1,,,,,57.0,0.0,0.0,0.0,0.0,0.0,0.0,0.0,0.0,0.0
366,2021-03-02,42.0,Maine,MH,59,1.0,3.0,366,1.0,1.0,1,,,,,72.0,0.0,0.0,0.0,0.0,0.0,0.0,0.0,0.0,0.0
367,2021-03-03,81.0,Maine,MH,59,2.0,3.0,367,1.0,2.0,1,,,,,108.0,0.0,0.0,0.0,0.0,0.0,0.0,0.0,0.0,0.0
368,2021-03-04,72.0,Maine,MH,59,3.0,3.0,368,1.0,3.0,1,,,,,48.0,0.0,0.0,0.0,0.0,0.0,0.0,0.0,0.0,0.0
369,2021-03-05,61.0,Maine,MH,59,4.0,3.0,369,1.0,4.0,1,,,,,91.0,0.0,0.0,0.0,0.0,0.0,0.0,0.0,0.0,0.0
370,2021-03-06,85.0,Maine,MH,59,5.0,3.0,370,1.0,5.0,1,,,,,55.0,0.0,0.0,0.0,0.0,0.0,0.0,0.0,0.0,0.0
371,2021-03-07,54.0,Maine,MH,59,6.0,3.0,371,2.0,6.0,2,,,,,56.0,0.0,0.0,0.0,0.0,0.0,0.0,0.0,0.0,0.0
372,2021-03-08,68.0,Maine,MH,59,0.0,3.0,372,2.0,0.0,2,,,,,94.0,0.0,0.0,0.0,0.0,0.0,0.0,0.0,0.0,0.0
373,2021-03-09,69.0,Maine,MH,59,1.0,3.0,373,2.0,1.0,2,,,,,42.0,0.0,0.0,0.0,0.0,0.0,0.0,0.0,0.0,0.0
374,2021-03-10,47.0,Maine,MH,59,2.0,3.0,374,2.0,2.0,2,,,,,81.0,0.0,0.0,0.0,0.0,0.0,0.0,0.0,0.0,0.0
375,2021-03-11,121.0,Maine,MH,59,3.0,3.0,375,2.0,3.0,2,,,,,72.0,0.0,0.0,0.0,0.0,0.0,0.0,0.0,0.0,0.0
376,2021-03-12,92.0,Maine,MH,59,4.0,3.0,376,2.0,4.0,2,,,,,61.0,0.0,0.0,0.0,0.0,0.0,0.0,0.0,0.0,0.0
377,2021-03-13,83.0,Maine,MH,59,5.0,3.0,377,2.0,5.0,2,,,,,85.0,0.0,0.0,0.0,0.0,0.0,0.0,0.0,0.0,0.0
378,2021-03-14,50.0,Maine,MH,59,6.0,3.0,378,3.0,6.0,3,,,,,54.0,0.0,0.0,0.0,0.0,0.0,0.0,0.0,0.0,0.0
379,2021-03-15,114.0,Maine,MH,59,0.0,3.0,379,3.0,0.0,3,,,,,68.0,0.0,0.0,0.0,0.0,0.0,0.0,0.0,0.0,0.0
380,2021-03-16,87.0,Maine,MH,59,1.0,3.0,380,3.0,1.0,3,,,,,69.0,0.0,0.0,0.0,0.0,0.0,0.0,0.0,0.0,0.0
381,2021-03-17,86.0,Maine,MH,59,2.0,3.0,381,3.0,2.0,3,,,,,47.0,0.0,0.0,0.0,0.0,0.0,0.0,0.0,0.0,0.0
382,2021-03-18,106.0,Maine,MH,59,3.0,3.0,382,3.0,3.0,3,,,,,121.0,0.0,0.0,0.0,0.0,0.0,0.0,0.0,0.0,0.0
383,2021-03-19,99.0,Maine,MH,59,4.0,3.0,383,3.0,4.0,3,,,,,92.0,0.0,0.0,0.0,0.0,0.0,0.0,0.0,0.0,0.0
384,2021-03-20,15.0,Maine,MH,59,5.0,3.0,384,3.0,5.0,3,,,,,83.0,0.0,0.0,0.0,0.0,0.0,0.0,0.0,0.0,0.0
385,2021-03-21,14.0,Maine,MH,59,6.0,3.0,385,4.0,6.0,4,,,,,50.0,0.0,0.0,0.0,0.0,0.0,0.0,0.0,0.0,0.0
386,2021-03-22,36.0,Maine,MH,59,0.0,3.0,386,4.0,0.0,4,,,,,114.0,0.0,0.0,0.0,0.0,0.0,0.0,0.0,0.0,0.0
387,2021-03-23,26.0,Maine,MH,59,1.0,3.0,387,4.0,1.0,4,,,,,87.0,0.0,0.0,0.0,0.0,0.0,0.0,0.0,0.0,0.0
388,2021-03-24,264.0,Maine,MH,59,2.0,3.0,388,4.0,2.0,4,,,,,86.0,0.0,0.0,0.0,0.0,0.0,0.0,0.0,0.0,0.0
389,2021-03-25,36.0,Maine,MH,59,3.0,3.0,389,4.0,3.0,4,,,,,106.0,0.0,0.0,0.0,0.0,0.0,0.0,0.0,0.0,0.0
390,2021-03-26,81.0,Maine,MH,59,4.0,3.0,390,4.0,4.0,4,,,,,99.0,0.0,0.0,0.0,0.0,0.0,0.0,0.0,0.0,0.0
391,2021-03-27,0.0,Maine,MH,59,5.0,3.0,391,4.0,5.0,4,,,,,15.0,0.0,0.0,0.0,0.0,0.0,0.0,0.0,0.0,0.0
392,2021-03-28,244.0,Maine,MH,59,6.0,3.0,392,5.0,6.0,5,,,,,14.0,0.0,0.0,0.0,0.0,0.0,0.0,0.0,0.0,0.0
393,2021-03-29,109.0,Maine,MH,59,0.0,3.0,393,5.0,0.0,5,,,,,36.0,0.0,0.0,0.0,0.0,0.0,0.0,0.0,0.0,0.0
394,2021-03-30,102.0,Maine,MH,59,1.0,3.0,394,5.0,1.0,5,,,,,26.0,0.0,0.0,0.0,0.0,0.0,0.0,0.0,0.0,0.0
395,2021-03-31,118.0,Maine,MH,59,2.0,3.0,395,5.0,2.0,5,,,,,264.0,0.0,0.0,0.0,0.0,0.0,0.0,0.0,0.0,0.0
396,2021-04-01,129.0,Maine,MH,59,3.0,4.0,396,1.0,3.0,1,,,,,36.0,0.0,0.0,0.0,0.0,0.0,0.0,0.0,0.0,0.0
397,2021-04-02,131.0,Maine,MH,59,4.0,4.0,397,1.0,4.0,1,,,,,81.0,0.0,0.0,0.0,0.0,0.0,0.0,0.0,0.0,0.0
398,2021-04-03,29.0,Maine,MH,59,5.0,4.0,398,1.0,5.0,1,,,,,0.0,0.0,0.0,0.0,0.0,0.0,0.0,0.0,0.0,0.0
399,2021-04-04,202.0,Maine,MH,59,6.0,4.0,399,1.0,6.0,1,,,,,244.0,0.0,0.0,0.0,0.0,0.0,0.0,0.0,0.0,0.0
400,2021-04-05,101.0,Maine,MH,59,0.0,4.0,400,1.0,0.0,1,,,,,109.0,0.0,0.0,0.0,0.0,0.0,0.0,0.0,0.0,0.0
401,2021-04-06,154.0,Maine,MH,59,1.0,4.0,401,1.0,1.0,1,,,,,102.0,0.0,0.0,0.0,0.0,0.0,0.0,0.0,0.0,0.0
402,2021-04-07,126.0,Maine,MH,59,2.0,4.0,402,2.0,2.0,2,,,,,118.0,0.0,0.0,0.0,0.0,0.0,0.0,0.0,0.0,0.0
403,2021-04-08,19.0,Maine,MH,59,3.0,4.0,403,2.0,3.0,2,,,,,129.0,0.0,0.0,0.0,0.0,0.0,0.0,0.0,0.0,0.0
404,2021-04-09,166.0,Maine,MH,59,4.0,4.0,404,2.0,4.0,2,,,,,131.0,0.0,0.0,0.0,0.0,0.0,0.0,0.0,0.0,0.0
405,2021-04-10,251.0,Maine,MH,59,5.0,4.0,405,2.0,5.0,2,,,,,29.0,0.0,0.0,0.0,0.0,0.0,0.0,0.0,0.0,0.0
406,2021-04-11,131.0,Maine,MH,59,6.0,4.0,406,2.0,6.0,2,,,,,202.0,0.0,0.0,0.0,0.0,0.0,0.0,0.0,0.0,0.0
407,2021-04-12,117.0,Maine,MH,59,0.0,4.0,407,2.0,0.0,2,,,,,101.0,0.0,0.0,0.0,0.0,0.0,0.0,0.0,0.0,0.0
408,2021-04-13,181.0,Maine,MH,59,1.0,4.0,408,2.0,1.0,2,,,,,154.0,0.0,0.0,0.0,0.0,0.0,0.0,0.0,0.0,0.0
409,2021-04-14,64.0,Maine,MH,59,2.0,4.0,409,3.0,2.0,3,,,,,126.0,0.0,0.0,0.0,0.0,0.0,0.0,0.0,0.0,0.0
410,2021-04-15,285.0,Maine,MH,59,3.0,4.0,410,3.0,3.0,3,,,,,19.0,0.0,0.0,0.0,0.0,0.0,0.0,0.0,0.0,0.0
411,2021-04-16,196.0,Maine,MH,59,4.0,4.0,411,3.0,4.0,3,,,,,166.0,0.0,0.0,0.0,0.0,0.0,0.0,0.0,0.0,0.0
412,2021-04-17,93.0,Maine,MH,59,5.0,4.0,412,3.0,5.0,3,,,,,251.0,0.0,0.0,0.0,0.0,0.0,0.0,0.0,0.0,0.0
413,2021-04-18,6.0,Maine,MH,59,6.0,4.0,413,3.0,6.0,3,,,,,131.0,0.0,0.0,0.0,0.0,0.0,0.0,0.0,0.0,0.0
414,2021-04-19,222.0,Maine,MH,59,0.0,4.0,414,3.0,0.0,3,,,,,117.0,0.0,0.0,0.0,0.0,0.0,0.0,0.0,0.0,0.0
415,2021-04-20,98.0,Maine,MH,59,1.0,4.0,415,3.0,1.0,3,,,,,181.0,0.0,0.0,0.0,0.0,0.0,0.0,0.0,0.0,0.0
416,2021-04-21,115.0,Maine,MH,59,2.0,4.0,416,4.0,2.0,4,,,,,64.0,0.0,0.0,0.0,0.0,0.0,0.0,0.0,0.0,0.0
417,2021-04-22,110.0,Maine,MH,59,3.0,4.0,417,4.0,3.0,4,,,,,285.0,0.0,0.0,0.0,0.0,0.0,0.0,0.0,0.0,0.0
418,2021-04-23,120.0,Maine,MH,59,4.0,4.0,418,4.0,4.0,4,,,,,196.0,0.0,0.0,0.0,0.0,0.0,0.0,0.0,0.0,0.0
419,2021-04-24,11.0,Maine,MH,59,5.0,4.0,419,4.0,5.0,4,,,,,93.0,0.0,0.0,0.0,0.0,0.0,0.0,0.0,0.0,0.0
420,2021-04-25,210.0,Maine,MH,59,6.0,4.0,420,4.0,6.0,4,,,,,6.0,0.0,0.0,0.0,0.0,0.0,0.0,0.0,0.0,0.0
421,2021-04-26,71.0,Maine,MH,59,0.0,4.0,421,4.0,0.0,4,,,,,222.0,0.0,0.0,0.0,0.0,0.0,0.0,0.0,0.0,0.0
422,2021-04-27,108.0,Maine,MH,59,1.0,4.0,422,4.0,1.0,4,,,,,98.0,0.0,0.0,0.0,0.0,0.0,0.0,0.0,0.0,0.0
423,2021-04-28,5.0,Maine,MH,59,2.0,4.0,423,5.0,2.0,5,,,,,115.0,0.0,0.0,0.0,0.0,0.0,0.0,0.0,0.0,0.0
424,2021-04-29,265.0,Maine,MH,59,3.0,4.0,424,5.0,3.0,5,,,,,110.0,0.0,0.0,0.0,0.0,0.0,0.0,0.0,0.0,0.0
425,2021-04-30,152.0,Maine,MH,59,4.0,4.0,425,5.0,4.0,5,,,,,120.0,0.0,0.0,0.0,0.0,0.0,0.0,0.0,0.0,0.0
426,2021-05-01,105.0,Maine,MH,59,5.0,5.0,426,1.0,5.0,1,,,,,11.0,0.0,0.0,0.0,0.0,0.0,0.0,0.0,0.0,0.0
427,2021-05-02,16.0,Maine,MH,59,6.0,5.0,427,1.0,6.0,1,,,,,210.0,0.0,0.0,0.0,0.0,0.0,0.0,0.0,0.0,0.0
428,2021-05-03,174.0,Maine,MH,59,0.0,5.0,428,1.0,0.0,1,,,,,71.0,0.0,0.0,0.0,0.0,0.0,0.0,0.0,0.0,0.0
429,2021-05-04,111.0,Maine,MH,59,1.0,5.0,429,1.0,1.0,1,,,,,108.0,0.0,0.0,0.0,0.0,0.0,0.0,0.0,0.0,0.0
430,2021-05-05,156.0,Maine,MH,59,2.0,5.0,430,1.0,2.0,1,,,,,5.0,0.0,0.0,0.0,0.0,0.0,0.0,0.0,0.0,0.0
431,2021-05-06,36.0,Maine,MH,59,3.0,5.0,431,1.0,3.0,1,,,,,265.0,0.0,0.0,0.0,0.0,0.0,0.0,0.0,0.0,0.0
432,2021-05-07,147.0,Maine,MH,59,4.0,5.0,432,2.0,4.0,2,,,,,152.0,0.0,0.0,0.0,0.0,0.0,0.0,0.0,0.0,0.0
433,2021-05-08,109.0,Maine,MH,59,5.0,5.0,433,2.0,5.0,2,,,,,105.0,0.0,0.0,0.0,0.0,0.0,0.0,0.0,0.0,0.0
434,2021-05-09,80.0,Maine,MH,59,6.0,5.0,434,2.0,6.0,2,,,,,16.0,0.0,0.0,0.0,0.0,0.0,0.0,0.0,0.0,0.0
435,2021-05-10,119.0,Maine,MH,59,0.0,5.0,435,2.0,0.0,2,,,,,174.0,0.0,0.0,0.0,0.0,0.0,0.0,0.0,0.0,0.0
436,2021-05-11,61.0,Maine,MH,59,1.0,5.0,436,2.0,1.0,2,,,,,111.0,0.0,0.0,0.0,0.0,0.0,0.0,0.0,0.0,0.0
437,2021-05-12,101.0,Maine,MH,59,2.0,5.0,437,2.0,2.0,2,,,,,156.0,0.0,0.0,0.0,0.0,0.0,0.0,0.0,0.0,0.0
438,2021-05-13,136.0,Maine,MH,59,3.0,5.0,438,2.0,3.0,2,,,,,36.0,0.0,0.0,0.0,0.0,0.0,0.0,0.0,0.0,0.0
439,2021-05-14,81.0,Maine,MH,59,4.0,5.0,439,3.0,4.0,3,,,,,147.0,0.0,0.0,0.0,0.0,0.0,0.0,0.0,0.0,0.0
440,2021-05-15,81.0,Maine,MH,59,5.0,5.0,440,3.0,5.0,3,,,,,109.0,0.0,0.0,0.0,0.0,0.0,0.0,0.0,0.0,0.0
441,2021-05-16,50.0,Maine,MH,59,6.0,5.0,441,3.0,6.0,3,,,,,80.0,0.0,0.0,0.0,0.0,0.0,0.0,0.0,0.0,0.0
442,2021-05-17,137.0,Maine,MH,59,0.0,5.0,442,3.0,0.0,3,,,,,119.0,0.0,0.0,0.0,0.0,0.0,0.0,0.0,0.0,0.0
443,2021-05-18,45.0,Maine,MH,59,1.0,5.0,443,3.0,1.0,3,,,,,61.0,0.0,0.0,0.0,0.0,0.0,0.0,0.0,0.0,0.0
444,2021-05-19,81.0,Maine,MH,59,2.0,5.0,444,3.0,2.0,3,,,,,101.0,0.0,0.0,0.0,0.0,0.0,0.0,0.0,0.0,0.0
445,2021-05-20,43.0,Maine,MH,59,3.0,5.0,445,3.0,3.0,3,,,,,136.0,0.0,0.0,0.0,0.0,0.0,0.0,0.0,0.0,0.0
446,2021-05-21,54.0,Maine,MH,59,4.0,5.0,446,4.0,4.0,4,,,,,81.0,0.0,0.0,0.0,0.0,0.0,0.0,0.0,0.0,0.0
447,2021-05-22,43.0,Maine,MH,59,5.0,5.0,447,4.0,5.0,4,,,,,81.0,0.0,0.0,0.0,0.0,0.0,0.0,0.0,0.0,0.0
448,2021-05-23,37.0,Maine,MH,59,6.0,5.0,448,4.0,6.0,4,,,,,50.0,0.0,0.0,0.0,0.0,0.0,0.0,0.0,0.0,0.0
449,2021-05-24,39.0,Maine,MH,59,0.0,5.0,449,4.0,0.0,4,,,,,137.0,0.0,0.0,0.0,0.0,0.0,0.0,0.0,0.0,0.0
450,2021-05-25,54.0,Maine,MH,59,1.0,5.0,450,4.0,1.0,4,,,,,45.0,0.0,0.0,0.0,0.0,0.0,0.0,0.0,0.0,0.0
451,2021-05-26,25.0,Maine,MH,59,2.0,5.0,451,4.0,2.0,4,,,,,81.0,0.0,0.0,0.0,0.0,0.0,0.0,0.0,0.0,0.0
452,2021-05-27,77.0,Maine,MH,59,3.0,5.0,452,4.0,3.0,4,,,,,43.0,0.0,0.0,0.0,0.0,0.0,0.0,0.0,0.0,0.0
453,2021-05-28,14.0,Maine,MH,59,4.0,5.0,453,5.0,4.0,5,,,,,54.0,0.0,0.0,0.0,0.0,0.0,0.0,0.0,0.0,0.0
454,2021-05-29,28.0,Maine,MH,59,5.0,5.0,454,5.0,5.0,5,,,,,43.0,0.0,0.0,0.0,0.0,0.0,0.0,0.0,0.0,0.0
455,2021-05-30,14.0,Maine,MH,59,6.0,5.0,455,5.0,6.0,5,,,,,37.0,0.0,0.0,0.0,0.0,0.0,0.0,0.0,0.0,0.0
456,2021-05-31,15.0,Maine,MH,59,0.0,5.0,456,5.0,0.0,5,,,,,39.0,0.0,0.0,0.0,0.0,0.0,0.0,0.0,0.0,0.0
457,2021-06-01,31.0,Maine,MH,59,1.0,6.0,457,1.0,1.0,1,,,,,54.0,0.0,0.0,0.0,0.0,0.0,0.0,0.0,0.0,0.0
458,2021-06-02,61.0,Maine,MH,59,2.0,6.0,458,1.0,2.0,1,,,,,25.0,0.0,0.0,0.0,0.0,0.0,0.0,0.0,0.0,0.0
459,2021-06-03,22.0,Maine,MH,59,3.0,6.0,459,1.0,3.0,1,,,,,77.0,0.0,0.0,0.0,0.0,0.0,0.0,0.0,0.0,0.0
460,2021-06-04,22.0,Maine,MH,59,4.0,6.0,460,1.0,4.0,1,,,,,14.0,0.0,0.0,0.0,0.0,0.0,0.0,0.0,0.0,0.0
461,2021-06-05,21.0,Maine,MH,59,5.0,6.0,461,1.0,5.0,1,,,,,28.0,0.0,0.0,0.0,0.0,0.0,0.0,0.0,0.0,0.0
462,2021-06-06,3.0,Maine,MH,59,6.0,6.0,462,1.0,6.0,1,,,,,14.0,0.0,0.0,0.0,0.0,0.0,0.0,0.0,0.0,0.0
463,2021-06-07,37.0,Maine,MH,59,0.0,6.0,463,2.0,0.0,2,,,,,15.0,0.0,0.0,0.0,0.0,0.0,0.0,0.0,0.0,0.0
464,2021-06-08,12.0,Maine,MH,59,1.0,6.0,464,2.0,1.0,2,,,,,31.0,0.0,0.0,0.0,0.0,0.0,0.0,0.0,0.0,0.0
465,2021-06-09,24.0,Maine,MH,59,2.0,6.0,465,2.0,2.0,2,,,,,61.0,0.0,0.0,0.0,0.0,0.0,0.0,0.0,0.0,0.0
466,2021-06-10,7.0,Maine,MH,59,3.0,6.0,466,2.0,3.0,2,,,,,22.0,0.0,0.0,0.0,0.0,0.0,0.0,0.0,0.0,0.0
467,2021-06-11,31.0,Maine,MH,59,4.0,6.0,467,2.0,4.0,2,,,,,22.0,0.0,0.0,0.0,0.0,0.0,0.0,0.0,0.0,0.0
468,2021-06-12,16.0,Maine,MH,59,5.0,6.0,468,2.0,5.0,2,,,,,21.0,0.0,0.0,0.0,0.0,0.0,0.0,0.0,0.0,0.0
469,2021-06-13,4.0,Maine,MH,59,6.0,6.0,469,2.0,6.0,2,,,,,3.0,0.0,0.0,0.0,0.0,0.0,0.0,0.0,0.0,0.0
470,2021-06-14,19.0,Maine,MH,59,0.0,6.0,470,3.0,0.0,3,,,,,37.0,0.0,0.0,0.0,0.0,0.0,0.0,0.0,0.0,0.0
471,2021-06-15,13.0,Maine,MH,59,1.0,6.0,471,3.0,1.0,3,,,,,12.0,0.0,0.0,0.0,0.0,0.0,0.0,0.0,0.0,0.0
472,2021-06-16,18.0,Maine,MH,59,2.0,6.0,472,3.0,2.0,3,,,,,24.0,0.0,0.0,0.0,0.0,0.0,0.0,0.0,0.0,0.0
473,2021-06-17,6.0,Maine,MH,59,3.0,6.0,473,3.0,3.0,3,,,,,7.0,0.0,0.0,0.0,0.0,0.0,0.0,0.0,0.0,0.0
474,2021-06-18,21.0,Maine,MH,59,4.0,6.0,474,3.0,4.0,3,,,,,31.0,0.0,0.0,0.0,0.0,0.0,0.0,0.0,0.0,0.0
475,2021-06-19,8.0,Maine,MH,59,5.0,6.0,475,3.0,5.0,3,,,,,16.0,0.0,0.0,0.0,0.0,0.0,0.0,0.0,0.0,0.0
476,2021-06-20,2.0,Maine,MH,59,6.0,6.0,476,3.0,6.0,3,,,,,4.0,0.0,0.0,0.0,0.0,0.0,0.0,0.0,0.0,0.0
477,2021-06-21,12.0,Maine,MH,59,0.0,6.0,477,4.0,0.0,4,,,,,19.0,0.0,0.0,0.0,0.0,0.0,0.0,0.0,0.0,0.0
478,2021-06-22,4.0,Maine,MH,59,1.0,6.0,478,4.0,1.0,4,,,,,13.0,0.0,0.0,0.0,0.0,0.0,0.0,0.0,0.0,0.0
479,2021-06-23,9.0,Maine,MH,59,2.0,6.0,479,4.0,2.0,4,,,,,18.0,0.0,0.0,0.0,0.0,0.0,0.0,0.0,0.0,0.0
480,2021-06-24,7.0,Maine,MH,59,3.0,6.0,480,4.0,3.0,4,,,,,6.0,0.0,0.0,0.0,0.0,0.0,0.0,0.0,0.0,0.0
481,2021-06-25,6.0,Maine,MH,59,4.0,6.0,481,4.0,4.0,4,,,,,21.0,0.0,0.0,0.0,0.0,0.0,0.0,0.0,0.0,0.0
482,2021-06-26,2.0,Maine,MH,59,5.0,6.0,482,4.0,5.0,4,,,,,8.0,0.0,0.0,0.0,0.0,0.0,0.0,0.0,0.0,0.0
483,2021-06-27,2.0,Maine,MH,59,6.0,6.0,483,4.0,6.0,4,,,,,2.0,0.0,0.0,0.0,0.0,0.0,0.0,0.0,0.0,0.0
484,2021-06-28,17.0,Maine,MH,59,0.0,6.0,484,5.0,0.0,5,,,,,12.0,0.0,0.0,0.0,0.0,0.0,0.0,0.0,0.0,0.0
485,2021-06-29,2.0,Maine,MH,59,1.0,6.0,485,5.0,1.0,5,,,,,4.0,0.0,0.0,0.0,0.0,0.0,0.0,0.0,0.0,0.0
486,2021-06-30,10.0,Maine,MH,59,2.0,6.0,486,5.0,2.0,5,,,,,9.0,0.0,0.0,0.0,0.0,0.0,0.0,0.0,0.0,0.0
487,2021-07-01,2.0,Maine,MH,59,3.0,7.0,487,1.0,3.0,1,,,,,7.0,0.0,0.0,0.0,0.0,0.0,0.0,0.0,0.0,0.0
488,2021-07-02,10.0,Maine,MH,59,4.0,7.0,488,1.0,4.0,1,,,,,6.0,0.0,0.0,0.0,0.0,0.0,0.0,0.0,0.0,0.0
489,2021-07-03,11.0,Maine,MH,59,5.0,7.0,489,1.0,5.0,1,,,,,2.0,0.0,0.0,0.0,0.0,0.0,0.0,0.0,0.0,0.0
490,2021-07-04,0.0,Maine,MH,59,6.0,7.0,490,1.0,6.0,1,,,,,2.0,0.0,0.0,0.0,0.0,0.0,0.0,0.0,0.0,0.0
491,2021-07-05,1.0,Maine,MH,59,0.0,7.0,491,1.0,0.0,1,,,,,17.0,0.0,0.0,0.0,0.0,0.0,0.0,0.0,0.0,0.0
492,2021-07-06,9.0,Maine,MH,59,1.0,7.0,492,1.0,1.0,1,,,,,2.0,0.0,0.0,0.0,0.0,0.0,0.0,0.0,0.0,0.0
493,2021-07-07,12.0,Maine,MH,59,2.0,7.0,493,2.0,2.0,2,,,,,10.0,0.0,0.0,0.0,0.0,0.0,0.0,0.0,0.0,0.0
494,2021-07-08,4.0,Maine,MH,59,3.0,7.0,494,2.0,3.0,2,,,,,2.0,0.0,0.0,0.0,0.0,0.0,0.0,0.0,0.0,0.0
495,2021-07-09,7.0,Maine,MH,59,4.0,7.0,495,2.0,4.0,2,,,,,10.0,0.0,0.0,0.0,0.0,0.0,0.0,0.0,0.0,0.0
496,2021-07-10,4.0,Maine,MH,59,5.0,7.0,496,2.0,5.0,2,,,,,11.0,0.0,0.0,0.0,0.0,0.0,0.0,0.0,0.0,0.0
497,2021-07-11,6.0,Maine,MH,59,6.0,7.0,497,2.0,6.0,2,,,,,0.0,0.0,0.0,0.0,0.0,0.0,0.0,0.0,0.0,0.0
498,2021-07-12,18.0,Maine,MH,59,0.0,7.0,498,2.0,0.0,2,,,,,1.0,0.0,0.0,0.0,0.0,0.0,0.0,0.0,0.0,0.0
499,2021-07-13,5.0,Maine,MH,59,1.0,7.0,499,2.0,1.0,2,,,,,9.0,0.0,0.0,0.0,0.0,0.0,0.0,0.0,0.0,0.0
500,2021-07-14,20.0,Maine,MH,59,2.0,7.0,500,3.0,2.0,3,,,,,12.0,0.0,0.0,0.0,0.0,0.0,0.0,0.0,0.0,0.0
501,2021-07-15,13.0,Maine,MH,59,3.0,7.0,501,3.0,3.0,3,,,,,4.0,0.0,0.0,0.0,0.0,0.0,0.0,0.0,0.0,0.0
502,2021-07-16,16.0,Maine,MH,59,4.0,7.0,502,3.0,4.0,3,,,,,7.0,0.0,0.0,0.0,0.0,0.0,0.0,0.0,0.0,0.0
503,2021-07-17,15.0,Maine,MH,59,5.0,7.0,503,3.0,5.0,3,,,,,4.0,0.0,0.0,0.0,0.0,0.0,0.0,0.0,0.0,0.0
504,2021-07-18,18.0,Maine,MH,59,6.0,7.0,504,3.0,6.0,3,,,,,6.0,0.0,0.0,0.0,0.0,0.0,0.0,0.0,0.0,0.0
505,2021-07-19,29.0,Maine,MH,59,0.0,7.0,505,3.0,0.0,3,,,,,18.0,0.0,0.0,0.0,0.0,0.0,0.0,0.0,0.0,0.0
506,2021-07-20,20.0,Maine,MH,59,1.0,7.0,506,3.0,1.0,3,,,,,5.0,0.0,0.0,0.0,0.0,0.0,0.0,0.0,0.0,0.0
507,2021-07-21,48.0,Maine,MH,59,2.0,7.0,507,4.0,2.0,4,,,,,20.0,0.0,0.0,0.0,0.0,0.0,0.0,0.0,0.0,0.0
508,2021-07-22,21.0,Maine,MH,59,3.0,7.0,508,4.0,3.0,4,,,,,13.0,0.0,0.0,0.0,0.0,0.0,0.0,0.0,0.0,0.0
509,2021-07-23,21.0,Maine,MH,59,4.0,7.0,509,4.0,4.0,4,,,,,16.0,0.0,0.0,0.0,0.0,0.0,0.0,0.0,0.0,0.0
510,2021-07-24,22.0,Maine,MH,59,5.0,7.0,510,4.0,5.0,4,,,,,15.0,0.0,0.0,0.0,0.0,0.0,0.0,0.0,0.0,0.0
511,2021-07-25,3.0,Maine,MH,59,6.0,7.0,511,4.0,6.0,4,,,,,18.0,0.0,0.0,0.0,0.0,0.0,0.0,0.0,0.0,0.0
512,2021-07-26,45.0,Maine,MH,59,0.0,7.0,512,4.0,0.0,4,,,,,29.0,0.0,0.0,0.0,0.0,0.0,0.0,0.0,0.0,0.0
513,2021-07-27,18.0,Maine,MH,59,1.0,7.0,513,4.0,1.0,4,,,,,20.0,0.0,0.0,0.0,0.0,0.0,0.0,0.0,0.0,0.0
514,2021-07-28,48.0,Maine,MH,59,2.0,7.0,514,5.0,2.0,5,,,,,48.0,0.0,0.0,0.0,0.0,0.0,0.0,0.0,0.0,0.0
515,2021-07-29,57.0,Maine,MH,59,3.0,7.0,515,5.0,3.0,5,,,,,21.0,0.0,0.0,0.0,0.0,0.0,0.0,0.0,0.0,0.0
516,2021-07-30,25.0,Maine,MH,59,4.0,7.0,516,5.0,4.0,5,,,,,21.0,0.0,0.0,0.0,0.0,0.0,0.0,0.0,0.0,0.0
517,2021-07-31,40.0,Maine,MH,59,5.0,7.0,517,5.0,5.0,5,,,,,22.0,0.0,0.0,0.0,0.0,0.0,0.0,0.0,0.0,0.0
518,2021-08-01,20.0,Maine,MH,59,6.0,8.0,518,1.0,6.0,1,,,,,3.0,0.0,0.0,0.0,0.0,0.0,0.0,0.0,0.0,0.0
519,2021-08-02,66.0,Maine,MH,59,0.0,8.0,519,1.0,0.0,1,,,,,45.0,0.0,0.0,0.0,0.0,0.0,0.0,0.0,0.0,0.0
520,2021-08-03,55.0,Maine,MH,59,1.0,8.0,520,1.0,1.0,1,,,,,18.0,0.0,0.0,0.0,0.0,0.0,0.0,0.0,0.0,0.0
521,2021-08-04,59.0,Maine,MH,59,2.0,8.0,521,1.0,2.0,1,,,,,48.0,0.0,0.0,0.0,0.0,0.0,0.0,0.0,0.0,0.0
522,2021-08-05,50.0,Maine,MH,59,3.0,8.0,522,1.0,3.0,1,,,,,57.0,0.0,0.0,0.0,0.0,0.0,0.0,0.0,0.0,0.0
523,2021-08-06,60.0,Maine,MH,59,4.0,8.0,523,1.0,4.0,1,,,,,25.0,0.0,0.0,0.0,0.0,0.0,0.0,0.0,0.0,0.0
524,2021-08-07,53.0,Maine,MH,59,5.0,8.0,524,2.0,5.0,2,,,,,40.0,0.0,0.0,0.0,0.0,0.0,0.0,0.0,0.0,0.0
525,2021-08-08,39.0,Maine,MH,59,6.0,8.0,525,2.0,6.0,2,,,,,20.0,0.0,0.0,0.0,0.0,0.0,0.0,0.0,0.0,0.0
526,2021-08-09,92.0,Maine,MH,59,0.0,8.0,526,2.0,0.0,2,,,,,66.0,0.0,0.0,0.0,0.0,0.0,0.0,0.0,0.0,0.0
527,2021-08-10,75.0,Maine,MH,59,1.0,8.0,527,2.0,1.0,2,,,,,55.0,0.0,0.0,0.0,0.0,0.0,0.0,0.0,0.0,0.0
528,2021-08-11,83.0,Maine,MH,59,2.0,8.0,528,2.0,2.0,2,,,,,59.0,0.0,0.0,0.0,0.0,0.0,0.0,0.0,0.0,0.0
529,2021-08-12,69.0,Maine,MH,59,3.0,8.0,529,2.0,3.0,2,,,,,50.0,0.0,0.0,0.0,0.0,0.0,0.0,0.0,0.0,0.0
530,2021-08-13,92.0,Maine,MH,59,4.0,8.0,530,2.0,4.0,2,,,,,60.0,0.0,0.0,0.0,0.0,0.0,0.0,0.0,0.0,0.0
531,2021-08-14,73.0,Maine,MH,59,5.0,8.0,531,3.0,5.0,3,,,,,53.0,0.0,0.0,0.0,0.0,0.0,0.0,0.0,0.0,0.0
532,2021-08-15,59.0,Maine,MH,59,6.0,8.0,532,3.0,6.0,3,,,,,39.0,0.0,0.0,0.0,0.0,0.0,0.0,0.0,0.0,0.0
533,2021-08-16,67.0,Maine,MH,59,0.0,8.0,533,3.0,0.0,3,,,,,92.0,0.0,0.0,0.0,0.0,0.0,0.0,0.0,0.0,0.0
534,2021-08-17,114.0,Maine,MH,59,1.0,8.0,534,3.0,1.0,3,,,,,75.0,0.0,0.0,0.0,0.0,0.0,0.0,0.0,0.0,0.0
535,2021-08-18,122.0,Maine,MH,59,2.0,8.0,535,3.0,2.0,3,,,,,83.0,0.0,0.0,0.0,0.0,0.0,0.0,0.0,0.0,0.0
536,2021-08-19,98.0,Maine,MH,59,3.0,8.0,536,3.0,3.0,3,,,,,69.0,0.0,0.0,0.0,0.0,0.0,0.0,0.0,0.0,0.0
537,2021-08-20,131.0,Maine,MH,59,4.0,8.0,537,3.0,4.0,3,,,,,92.0,0.0,0.0,0.0,0.0,0.0,0.0,0.0,0.0,0.0
538,2021-08-21,118.0,Maine,MH,59,5.0,8.0,538,4.0,5.0,4,,,,,73.0,0.0,0.0,0.0,0.0,0.0,0.0,0.0,0.0,0.0
539,2021-08-22,120.0,Maine,MH,59,6.0,8.0,539,4.0,6.0,4,,,,,59.0,0.0,0.0,0.0,0.0,0.0,0.0,0.0,0.0,0.0
540,2021-08-23,80.0,Maine,MH,59,0.0,8.0,540,4.0,0.0,4,,,,,67.0,0.0,0.0,0.0,0.0,0.0,0.0,0.0,0.0,0.0
541,2021-08-24,137.0,Maine,MH,59,1.0,8.0,541,4.0,1.0,4,,,,,114.0,0.0,0.0,0.0,0.0,0.0,0.0,0.0,0.0,0.0
542,2021-08-25,133.0,Maine,MH,59,2.0,8.0,542,4.0,2.0,4,,,,,122.0,0.0,0.0,0.0,0.0,0.0,0.0,0.0,0.0,0.0
543,2021-08-26,168.0,Maine,MH,59,3.0,8.0,543,4.0,3.0,4,,,,,98.0,0.0,0.0,0.0,0.0,0.0,0.0,0.0,0.0,0.0
544,2021-08-27,134.0,Maine,MH,59,4.0,8.0,544,4.0,4.0,4,,,,,131.0,0.0,0.0,0.0,0.0,0.0,0.0,0.0,0.0,0.0
545,2021-08-28,116.0,Maine,MH,59,5.0,8.0,545,5.0,5.0,5,,,,,118.0,0.0,0.0,0.0,0.0,0.0,0.0,0.0,0.0,0.0
546,2021-08-29,99.0,Maine,MH,59,6.0,8.0,546,5.0,6.0,5,,,,,120.0,0.0,0.0,0.0,0.0,0.0,0.0,0.0,0.0,0.0
547,2021-08-30,102.0,Maine,MH,59,0.0,8.0,547,5.0,0.0,5,,,,,80.0,0.0,0.0,0.0,0.0,0.0,0.0,0.0,0.0,0.0
548,2021-08-31,175.0,Maine,MH,59,1.0,8.0,548,5.0,1.0,5,,,,,137.0,0.0,0.0,0.0,0.0,0.0,0.0,0.0,0.0,0.0
549,2021-09-01,140.0,Maine,MH,59,2.0,9.0,549,1.0,2.0,1,,,,,133.0,0.0,0.0,0.0,0.0,0.0,0.0,0.0,0.0,0.0
550,2021-09-02,156.0,Maine,MH,59,3.0,9.0,550,1.0,3.0,1,,,,,168.0,0.0,0.0,0.0,0.0,0.0,0.0,0.0,0.0,0.0
551,2021-09-03,126.0,Maine,MH,59,4.0,9.0,551,1.0,4.0,1,,,,,134.0,0.0,0.0,0.0,0.0,0.0,0.0,0.0,0.0,0.0
552,2021-09-04,116.0,Maine,MH,59,5.0,9.0,552,1.0,5.0,1,,,,,116.0,0.0,0.0,0.0,0.0,0.0,0.0,0.0,0.0,0.0
553,2021-09-05,121.0,Maine,MH,59,6.0,9.0,553,1.0,6.0,1,,,,,99.0,0.0,0.0,0.0,0.0,0.0,0.0,0.0,0.0,0.0
554,2021-09-06,121.0,Maine,MH,59,0.0,9.0,554,1.0,0.0,1,,,,,102.0,0.0,0.0,0.0,0.0,0.0,0.0,0.0,0.0,0.0
555,2021-09-07,80.0,Maine,MH,59,1.0,9.0,555,2.0,1.0,2,,,,,175.0,0.0,0.0,0.0,0.0,0.0,0.0,0.0,0.0,0.0
556,2021-09-08,115.0,Maine,MH,59,2.0,9.0,556,2.0,2.0,2,,,,,140.0,0.0,0.0,0.0,0.0,0.0,0.0,0.0,0.0,0.0
557,2021-09-09,228.0,Maine,MH,59,3.0,9.0,557,2.0,3.0,2,,,,,156.0,0.0,0.0,0.0,0.0,0.0,0.0,0.0,0.0,0.0
558,2021-09-10,197.0,Maine,MH,59,4.0,9.0,558,2.0,4.0,2,,,,,126.0,0.0,0.0,0.0,0.0,0.0,0.0,0.0,0.0,0.0
559,2021-09-11,140.0,Maine,MH,59,5.0,9.0,559,2.0,5.0,2,,,,,116.0,0.0,0.0,0.0,0.0,0.0,0.0,0.0,0.0,0.0
560,2021-09-12,127.0,Maine,MH,59,6.0,9.0,560,2.0,6.0,2,,,,,121.0,0.0,0.0,0.0,0.0,0.0,0.0,0.0,0.0,0.0
561,2021-09-13,132.0,Maine,MH,59,0.0,9.0,561,2.0,0.0,2,,,,,121.0,0.0,0.0,0.0,0.0,0.0,0.0,0.0,0.0,0.0
562,2021-09-14,211.0,Maine,MH,59,1.0,9.0,562,3.0,1.0,3,,,,,80.0,0.0,0.0,0.0,0.0,0.0,0.0,0.0,0.0,0.0
563,2021-09-15,166.0,Maine,MH,59,2.0,9.0,563,3.0,2.0,3,,,,,115.0,0.0,0.0,0.0,0.0,0.0,0.0,0.0,0.0,0.0
564,2021-09-16,179.0,Maine,MH,59,3.0,9.0,564,3.0,3.0,3,,,,,228.0,0.0,0.0,0.0,0.0,0.0,0.0,0.0,0.0,0.0
565,2021-09-17,164.0,Maine,MH,59,4.0,9.0,565,3.0,4.0,3,,,,,197.0,0.0,0.0,0.0,0.0,0.0,0.0,0.0,0.0,0.0
566,2021-09-18,121.0,Maine,MH,59,5.0,9.0,566,3.0,5.0,3,,,,,140.0,0.0,0.0,0.0,0.0,0.0,0.0,0.0,0.0,0.0
567,2021-09-19,80.0,Maine,MH,59,6.0,9.0,567,3.0,6.0,3,,,,,127.0,0.0,0.0,0.0,0.0,0.0,0.0,0.0,0.0,0.0
568,2021-09-20,119.0,Maine,MH,59,0.0,9.0,568,3.0,0.0,3,,,,,132.0,0.0,0.0,0.0,0.0,0.0,0.0,0.0,0.0,0.0
569,2021-09-21,182.0,Maine,MH,59,1.0,9.0,569,4.0,1.0,4,,,,,211.0,0.0,0.0,0.0,0.0,0.0,0.0,0.0,0.0,0.0
570,2021-09-22,182.0,Maine,MH,59,2.0,9.0,570,4.0,2.0,4,,,,,166.0,0.0,0.0,0.0,0.0,0.0,0.0,0.0,0.0,0.0
571,2021-09-23,166.0,Maine,MH,59,3.0,9.0,571,4.0,3.0,4,,,,,179.0,0.0,0.0,0.0,0.0,0.0,0.0,0.0,0.0,0.0
572,2021-09-24,144.0,Maine,MH,59,4.0,9.0,572,4.0,4.0,4,,,,,164.0,0.0,0.0,0.0,0.0,0.0,0.0,0.0,0.0,0.0
573,2021-09-25,123.0,Maine,MH,59,5.0,9.0,573,4.0,5.0,4,,,,,121.0,0.0,0.0,0.0,0.0,0.0,0.0,0.0,0.0,0.0
574,2021-09-26,92.0,Maine,MH,59,6.0,9.0,574,4.0,6.0,4,,,,,80.0,0.0,0.0,0.0,0.0,0.0,0.0,0.0,0.0,0.0
575,2021-09-27,119.0,Maine,MH,59,0.0,9.0,575,4.0,0.0,4,,,,,119.0,0.0,0.0,0.0,0.0,0.0,0.0,0.0,0.0,0.0
576,2021-09-28,174.0,Maine,MH,59,1.0,9.0,576,5.0,1.0,5,,,,,182.0,0.0,0.0,0.0,0.0,0.0,0.0,0.0,0.0,0.0
577,2021-09-29,169.0,Maine,MH,59,2.0,9.0,577,5.0,2.0,5,,,,,182.0,0.0,0.0,0.0,0.0,0.0,0.0,0.0,0.0,0.0
578,2021-09-30,140.0,Maine,MH,59,3.0,9.0,578,5.0,3.0,5,,,,,166.0,0.0,0.0,0.0,0.0,0.0,0.0,0.0,0.0,0.0
579,2021-10-01,129.0,Maine,MH,59,4.0,10.0,579,1.0,4.0,1,,,,,144.0,0.0,0.0,0.0,0.0,0.0,0.0,0.0,0.0,0.0
580,2021-10-02,97.0,Maine,MH,59,5.0,10.0,580,1.0,5.0,1,,,,,123.0,0.0,0.0,0.0,0.0,0.0,0.0,0.0,0.0,0.0
581,2021-10-03,70.0,Maine,MH,59,6.0,10.0,581,1.0,6.0,1,,,,,92.0,0.0,0.0,0.0,0.0,0.0,0.0,0.0,0.0,0.0
582,2021-10-04,105.0,Maine,MH,59,0.0,10.0,582,1.0,0.0,1,,,,,119.0,0.0,0.0,0.0,0.0,0.0,0.0,0.0,0.0,0.0
583,2021-10-05,163.0,Maine,MH,59,1.0,10.0,583,1.0,1.0,1,,,,,174.0,0.0,0.0,0.0,0.0,0.0,0.0,0.0,0.0,0.0
584,2021-10-06,118.0,Maine,MH,59,2.0,10.0,584,1.0,2.0,1,,,,,169.0,0.0,0.0,0.0,0.0,0.0,0.0,0.0,0.0,0.0
585,2021-10-07,157.0,Maine,MH,59,3.0,10.0,585,2.0,3.0,2,,,,,140.0,0.0,0.0,0.0,0.0,0.0,0.0,0.0,0.0,0.0
586,2021-10-08,117.0,Maine,MH,59,4.0,10.0,586,2.0,4.0,2,,,,,129.0,0.0,0.0,0.0,0.0,0.0,0.0,0.0,0.0,0.0
587,2021-10-09,69.0,Maine,MH,59,5.0,10.0,587,2.0,5.0,2,,,,,97.0,0.0,0.0,0.0,0.0,0.0,0.0,0.0,0.0,0.0
588,2021-10-10,73.0,Maine,MH,59,6.0,10.0,588,2.0,6.0,2,,,,,70.0,0.0,0.0,0.0,0.0,0.0,0.0,0.0,0.0,0.0
589,2021-10-11,76.0,Maine,MH,59,0.0,10.0,589,2.0,0.0,2,,,,,105.0,0.0,0.0,0.0,0.0,0.0,0.0,0.0,0.0,0.0
590,2021-10-12,153.0,Maine,MH,59,1.0,10.0,590,2.0,1.0,2,,,,,163.0,0.0,0.0,0.0,0.0,0.0,0.0,0.0,0.0,0.0
591,2021-10-13,183.0,Maine,MH,59,2.0,10.0,591,2.0,2.0,2,,,,,118.0,0.0,0.0,0.0,0.0,0.0,0.0,0.0,0.0,0.0
592,2021-10-14,157.0,Maine,MH,59,3.0,10.0,592,3.0,3.0,3,,,,,157.0,0.0,0.0,0.0,0.0,0.0,0.0,0.0,0.0,0.0
593,2021-10-15,147.0,Maine,MH,59,4.0,10.0,593,3.0,4.0,3,,,,,117.0,0.0,0.0,0.0,0.0,0.0,0.0,0.0,0.0,0.0
594,2021-10-16,85.0,Maine,MH,59,5.0,10.0,594,3.0,5.0,3,,,,,69.0,0.0,0.0,0.0,0.0,0.0,0.0,0.0,0.0,0.0
595,2021-10-17,29.0,Maine,MH,59,6.0,10.0,595,3.0,6.0,3,,,,,73.0,0.0,0.0,0.0,0.0,0.0,0.0,0.0,0.0,0.0
596,2021-10-18,169.0,Maine,MH,59,0.0,10.0,596,3.0,0.0,3,,,,,76.0,0.0,0.0,0.0,0.0,0.0,0.0,0.0,0.0,0.0
597,2021-10-19,195.0,Maine,MH,59,1.0,10.0,597,3.0,1.0,3,,,,,153.0,0.0,0.0,0.0,0.0,0.0,0.0,0.0,0.0,0.0
598,2021-10-20,146.0,Maine,MH,59,2.0,10.0,598,3.0,2.0,3,,,,,183.0,0.0,0.0,0.0,0.0,0.0,0.0,0.0,0.0,0.0
599,2021-10-21,84.0,Maine,MH,59,3.0,10.0,599,4.0,3.0,4,,,,,157.0,0.0,0.0,0.0,0.0,0.0,0.0,0.0,0.0,0.0
600,2021-10-22,157.0,Maine,MH,59,4.0,10.0,600,4.0,4.0,4,,,,,147.0,0.0,0.0,0.0,0.0,0.0,0.0,0.0,0.0,0.0
601,2021-10-23,49.0,Maine,MH,59,5.0,10.0,601,4.0,5.0,4,,,,,85.0,0.0,0.0,0.0,0.0,0.0,0.0,0.0,0.0,0.0
602,2021-10-24,52.0,Maine,MH,59,6.0,10.0,602,4.0,6.0,4,,,,,29.0,0.0,0.0,0.0,0.0,0.0,0.0,0.0,0.0,0.0
603,2021-10-25,161.0,Maine,MH,59,0.0,10.0,603,4.0,0.0,4,,,,,169.0,0.0,0.0,0.0,0.0,0.0,0.0,0.0,0.0,0.0
604,2021-10-26,99.0,Maine,MH,59,1.0,10.0,604,4.0,1.0,4,,,,,195.0,0.0,0.0,0.0,0.0,0.0,0.0,0.0,0.0,0.0
605,2021-10-27,157.0,Maine,MH,59,2.0,10.0,605,4.0,2.0,4,,,,,146.0,0.0,0.0,0.0,0.0,0.0,0.0,0.0,0.0,0.0
606,2021-10-28,156.0,Maine,MH,59,3.0,10.0,606,5.0,3.0,5,,,,,84.0,0.0,0.0,0.0,0.0,0.0,0.0,0.0,0.0,0.0
607,2021-10-29,158.0,Maine,MH,59,4.0,10.0,607,5.0,4.0,5,,,,,157.0,0.0,0.0,0.0,0.0,0.0,0.0,0.0,0.0,0.0
608,2021-10-30,82.0,Maine,MH,59,5.0,10.0,608,5.0,5.0,5,,,,,49.0,0.0,0.0,0.0,0.0,0.0,0.0,0.0,0.0,0.0
609,2021-10-31,63.0,Maine,MH,59,6.0,10.0,609,5.0,6.0,5,,,,,52.0,0.0,0.0,0.0,0.0,0.0,0.0,0.0,0.0,0.0
610,2021-11-01,183.0,Maine,MH,59,0.0,11.0,610,1.0,0.0,1,,,,,161.0,0.0,0.0,0.0,0.0,0.0,0.0,0.0,0.0,0.0
611,2021-11-02,154.0,Maine,MH,59,1.0,11.0,611,1.0,1.0,1,,,,,99.0,0.0,0.0,0.0,0.0,0.0,0.0,0.0,0.0,0.0
612,2021-11-03,175.0,Maine,MH,59,2.0,11.0,612,1.0,2.0,1,,,,,157.0,0.0,0.0,0.0,0.0,0.0,0.0,0.0,0.0,0.0
613,2021-11-04,245.0,Maine,MH,59,3.0,11.0,613,1.0,3.0,1,,,,,156.0,0.0,0.0,0.0,0.0,0.0,0.0,0.0,0.0,0.0
614,2021-11-05,238.0,Maine,MH,59,4.0,11.0,614,1.0,4.0,1,,,,,158.0,0.0,0.0,0.0,0.0,0.0,0.0,0.0,0.0,0.0
615,2021-11-06,105.0,Maine,MH,59,5.0,11.0,615,1.0,5.0,1,,,,,82.0,0.0,0.0,0.0,0.0,0.0,0.0,0.0,0.0,0.0
616,2021-11-07,66.0,Maine,MH,59,6.0,11.0,616,2.0,6.0,2,,,,,63.0,0.0,0.0,0.0,0.0,0.0,0.0,0.0,0.0,0.0
617,2021-11-08,194.0,Maine,MH,59,0.0,11.0,617,2.0,0.0,2,,,,,183.0,0.0,0.0,0.0,0.0,0.0,0.0,0.0,0.0,0.0
618,2021-11-09,227.0,Maine,MH,59,1.0,11.0,618,2.0,1.0,2,,,,,154.0,0.0,0.0,0.0,0.0,0.0,0.0,0.0,0.0,0.0
619,2021-11-10,242.0,Maine,MH,59,2.0,11.0,619,2.0,2.0,2,,,,,175.0,0.0,0.0,0.0,0.0,0.0,0.0,0.0,0.0,0.0
620,2021-11-11,115.0,Maine,MH,59,3.0,11.0,620,2.0,3.0,2,,,,,245.0,0.0,0.0,0.0,0.0,0.0,0.0,0.0,0.0,0.0
621,2021-11-12,195.0,Maine,MH,59,4.0,11.0,621,2.0,4.0,2,,,,,238.0,0.0,0.0,0.0,0.0,0.0,0.0,0.0,0.0,0.0
622,2021-11-13,58.0,Maine,MH,59,5.0,11.0,622,2.0,5.0,2,,,,,105.0,0.0,0.0,0.0,0.0,0.0,0.0,0.0,0.0,0.0
623,2021-11-14,54.0,Maine,MH,59,6.0,11.0,623,3.0,6.0,3,,,,,66.0,0.0,0.0,0.0,0.0,0.0,0.0,0.0,0.0,0.0
624,2021-11-15,398.0,Maine,MH,59,0.0,11.0,624,3.0,0.0,3,,,,,194.0,0.0,0.0,0.0,0.0,0.0,0.0,0.0,0.0,0.0
625,2021-11-16,354.0,Maine,MH,59,1.0,11.0,625,3.0,1.0,3,,,,,227.0,0.0,0.0,0.0,0.0,0.0,0.0,0.0,0.0,0.0
626,2021-11-17,280.0,Maine,MH,59,2.0,11.0,626,3.0,2.0,3,,,,,242.0,0.0,0.0,0.0,0.0,0.0,0.0,0.0,0.0,0.0
627,2021-11-18,314.0,Maine,MH,59,3.0,11.0,627,3.0,3.0,3,,,,,115.0,0.0,0.0,0.0,0.0,0.0,0.0,0.0,0.0,0.0
628,2021-11-19,249.0,Maine,MH,59,4.0,11.0,628,3.0,4.0,3,,,,,195.0,0.0,0.0,0.0,0.0,0.0,0.0,0.0,0.0,0.0
629,2021-11-20,145.0,Maine,MH,59,5.0,11.0,629,3.0,5.0,3,,,,,58.0,0.0,0.0,0.0,0.0,0.0,0.0,0.0,0.0,0.0
630,2021-11-21,82.0,Maine,MH,59,6.0,11.0,630,4.0,6.0,4,,,,,54.0,0.0,0.0,0.0,0.0,0.0,0.0,0.0,0.0,0.0
631,2021-11-22,210.0,Maine,MH,59,0.0,11.0,631,4.0,0.0,4,,,,,398.0,0.0,0.0,0.0,0.0,0.0,0.0,0.0,0.0,0.0
632,2021-11-23,287.0,Maine,MH,59,1.0,11.0,632,4.0,1.0,4,,,,,354.0,0.0,0.0,0.0,0.0,0.0,0.0,0.0,0.0,0.0
633,2021-11-24,240.0,Maine,MH,59,2.0,11.0,633,4.0,2.0,4,,,,,280.0,0.0,0.0,0.0,0.0,0.0,0.0,0.0,0.0,0.0
634,2021-11-25,99.0,Maine,MH,59,3.0,11.0,634,4.0,3.0,4,,,,,314.0,0.0,0.0,0.0,0.0,0.0,0.0,0.0,0.0,0.0
635,2021-11-26,42.0,Maine,MH,59,4.0,11.0,635,4.0,4.0,4,,,,,249.0,0.0,0.0,0.0,0.0,0.0,0.0,0.0,0.0,0.0
636,2021-11-27,113.0,Maine,MH,59,5.0,11.0,636,4.0,5.0,4,,,,,145.0,0.0,0.0,0.0,0.0,0.0,0.0,0.0,0.0,0.0
637,2021-11-28,73.0,Maine,MH,59,6.0,11.0,637,5.0,6.0,5,,,,,82.0,0.0,0.0,0.0,0.0,0.0,0.0,0.0,0.0,0.0
638,2021-11-29,297.0,Maine,MH,59,0.0,11.0,638,5.0,0.0,5,,,,,210.0,0.0,0.0,0.0,0.0,0.0,0.0,0.0,0.0,0.0
639,2021-11-30,340.0,Maine,MH,59,1.0,11.0,639,5.0,1.0,5,,,,,287.0,0.0,0.0,0.0,0.0,0.0,0.0,0.0,0.0,0.0
640,2021-12-01,318.0,Maine,MH,59,2.0,12.0,640,1.0,2.0,1,,,,,240.0,0.0,0.0,0.0,0.0,0.0,0.0,0.0,0.0,0.0
641,2021-12-02,350.0,Maine,MH,59,3.0,12.0,641,1.0,3.0,1,,,,,99.0,0.0,0.0,0.0,0.0,0.0,0.0,0.0,0.0,0.0
642,2021-12-03,332.0,Maine,MH,59,4.0,12.0,642,1.0,4.0,1,,,,,42.0,0.0,0.0,0.0,0.0,0.0,0.0,0.0,0.0,0.0
643,2021-12-04,161.0,Maine,MH,59,5.0,12.0,643,1.0,5.0,1,,,,,113.0,0.0,0.0,0.0,0.0,0.0,0.0,0.0,0.0,0.0
644,2021-12-05,58.0,Maine,MH,59,6.0,12.0,644,1.0,6.0,1,,,,,73.0,0.0,0.0,0.0,0.0,0.0,0.0,0.0,0.0,0.0
645,2021-12-06,273.0,Maine,MH,59,0.0,12.0,645,1.0,0.0,1,,,,,297.0,0.0,0.0,0.0,0.0,0.0,0.0,0.0,0.0,0.0
646,2021-12-07,295.0,Maine,MH,59,1.0,12.0,646,2.0,1.0,2,,,,,340.0,0.0,0.0,0.0,0.0,0.0,0.0,0.0,0.0,0.0
647,2021-12-08,291.0,Maine,MH,59,2.0,12.0,647,2.0,2.0,2,,,,,318.0,0.0,0.0,0.0,0.0,0.0,0.0,0.0,0.0,0.0
648,2021-12-09,325.0,Maine,MH,59,3.0,12.0,648,2.0,3.0,2,,,,,350.0,0.0,0.0,0.0,0.0,0.0,0.0,0.0,0.0,0.0
649,2021-12-10,234.0,Maine,MH,59,4.0,12.0,649,2.0,4.0,2,,,,,332.0,0.0,0.0,0.0,0.0,0.0,0.0,0.0,0.0,0.0
650,2021-12-11,97.0,Maine,MH,59,5.0,12.0,650,2.0,5.0,2,,,,,161.0,0.0,0.0,0.0,0.0,0.0,0.0,0.0,0.0,0.0
651,2021-12-12,45.0,Maine,MH,59,6.0,12.0,651,2.0,6.0,2,,,,,58.0,0.0,0.0,0.0,0.0,0.0,0.0,0.0,0.0,0.0
652,2021-12-13,294.0,Maine,MH,59,0.0,12.0,652,2.0,0.0,2,,,,,273.0,0.0,0.0,0.0,0.0,0.0,0.0,0.0,0.0,0.0
653,2021-12-14,243.0,Maine,MH,59,1.0,12.0,653,3.0,1.0,3,,,,,295.0,0.0,0.0,0.0,0.0,0.0,0.0,0.0,0.0,0.0
654,2021-12-15,240.0,Maine,MH,59,2.0,12.0,654,3.0,2.0,3,,,,,291.0,0.0,0.0,0.0,0.0,0.0,0.0,0.0,0.0,0.0
655,2021-12-16,459.0,Maine,MH,59,3.0,12.0,655,3.0,3.0,3,,,,,325.0,0.0,0.0,0.0,0.0,0.0,0.0,0.0,0.0,0.0
656,2021-12-17,246.0,Maine,MH,59,4.0,12.0,656,3.0,4.0,3,,,,,234.0,0.0,0.0,0.0,0.0,0.0,0.0,0.0,0.0,0.0
657,2021-12-18,100.0,Maine,MH,59,5.0,12.0,657,3.0,5.0,3,,,,,97.0,0.0,0.0,0.0,0.0,0.0,0.0,0.0,0.0,0.0
658,2021-12-19,40.0,Maine,MH,59,6.0,12.0,658,3.0,6.0,3,,,,,45.0,0.0,0.0,0.0,0.0,0.0,0.0,0.0,0.0,0.0
659,2021-12-20,227.0,Maine,MH,59,0.0,12.0,659,3.0,0.0,3,,,,,294.0,0.0,0.0,0.0,0.0,0.0,0.0,0.0,0.0,0.0
660,2021-12-21,217.0,Maine,MH,59,1.0,12.0,660,4.0,1.0,4,,,,,243.0,0.0,0.0,0.0,0.0,0.0,0.0,0.0,0.0,0.0
661,2021-12-22,92.0,Maine,MH,59,2.0,12.0,661,4.0,2.0,4,,,,,240.0,0.0,0.0,0.0,0.0,0.0,0.0,0.0,0.0,0.0
662,2021-12-23,105.0,Maine,MH,59,3.0,12.0,662,4.0,3.0,4,,,,,459.0,0.0,0.0,0.0,0.0,0.0,0.0,0.0,0.0,0.0
663,2021-12-24,83.0,Maine,MH,59,4.0,12.0,663,4.0,4.0,4,,,,,246.0,0.0,0.0,0.0,0.0,0.0,0.0,0.0,0.0,0.0
664,2021-12-25,23.0,Maine,MH,59,5.0,12.0,664,4.0,5.0,4,,,,,100.0,0.0,0.0,0.0,0.0,0.0,0.0,0.0,0.0,0.0
665,2021-12-26,30.0,Maine,MH,59,6.0,12.0,665,4.0,6.0,4,,,,,40.0,0.0,0.0,0.0,0.0,0.0,0.0,0.0,0.0,0.0
666,2021-12-27,144.0,Maine,MH,59,0.0,12.0,666,4.0,0.0,4,,,,,227.0,0.0,0.0,0.0,0.0,0.0,0.0,0.0,0.0,0.0
667,2021-12-28,192.0,Maine,MH,59,1.0,12.0,667,5.0,1.0,5,,,,,217.0,0.0,0.0,0.0,0.0,0.0,0.0,0.0,0.0,0.0
668,2021-12-29,200.0,Maine,MH,59,2.0,12.0,668,5.0,2.0,5,,,,,92.0,0.0,0.0,0.0,0.0,0.0,0.0,0.0,0.0,0.0
669,2021-12-30,273.0,Maine,MH,59,3.0,12.0,669,5.0,3.0,5,,,,,105.0,0.0,0.0,0.0,0.0,0.0,0.0,0.0,0.0,0.0
670,2021-12-31,144.0,Maine,MH,59,4.0,12.0,670,5.0,4.0,5,,,,,83.0,0.0,0.0,0.0,0.0,0.0,0.0,0.0,0.0,0.0
671,2022-01-01,62.0,Maine,MH,59,5.0,1.0,671,1.0,5.0,1,,,,,23.0,0.0,0.0,0.0,0.0,0.0,0.0,0.0,0.0,0.0
672,2022-01-02,109.0,Maine,MH,59,6.0,1.0,672,1.0,6.0,1,,,,,30.0,0.0,0.0,0.0,0.0,0.0,0.0,0.0,0.0,0.0
673,2022-01-03,422.0,Maine,MH,59,0.0,1.0,673,1.0,0.0,1,,,,,144.0,0.0,0.0,0.0,0.0,0.0,0.0,0.0,0.0,0.0
674,2022-01-04,570.0,Maine,MH,59,1.0,1.0,674,1.0,1.0,1,,,,,192.0,0.0,0.0,0.0,0.0,0.0,0.0,0.0,0.0,0.0
675,2022-01-05,607.0,Maine,MH,59,2.0,1.0,675,1.0,2.0,1,,,,,200.0,0.0,0.0,0.0,0.0,0.0,0.0,0.0,0.0,0.0
676,2022-01-06,642.0,Maine,MH,59,3.0,1.0,676,1.0,3.0,1,,,,,273.0,0.0,0.0,0.0,0.0,0.0,0.0,0.0,0.0,0.0
677,2022-01-07,526.0,Maine,MH,59,4.0,1.0,677,2.0,4.0,2,,,,,144.0,0.0,0.0,0.0,0.0,0.0,0.0,0.0,0.0,0.0
678,2022-01-08,198.0,Maine,MH,59,5.0,1.0,678,2.0,5.0,2,,,,,62.0,0.0,0.0,0.0,0.0,0.0,0.0,0.0,0.0,0.0
679,2022-01-09,157.0,Maine,MH,59,6.0,1.0,679,2.0,6.0,2,,,,,109.0,0.0,0.0,0.0,0.0,0.0,0.0,0.0,0.0,0.0
680,2022-01-10,818.0,Maine,MH,59,0.0,1.0,680,2.0,0.0,2,,,,,422.0,0.0,0.0,0.0,0.0,0.0,0.0,0.0,0.0,0.0
681,2022-01-11,781.0,Maine,MH,59,1.0,1.0,681,2.0,1.0,2,,,,,570.0,0.0,0.0,0.0,0.0,0.0,0.0,0.0,0.0,0.0
682,2022-01-12,943.0,Maine,MH,59,2.0,1.0,682,2.0,2.0,2,,,,,607.0,0.0,0.0,0.0,0.0,0.0,0.0,0.0,0.0,0.0
683,2022-01-13,1125.0,Maine,MH,59,3.0,1.0,683,2.0,3.0,2,,,,,642.0,0.0,0.0,0.0,0.0,0.0,0.0,0.0,0.0,0.0
684,2022-01-14,899.0,Maine,MH,59,4.0,1.0,684,3.0,4.0,3,,,,,526.0,0.0,0.0,0.0,0.0,0.0,0.0,0.0,0.0,0.0
685,2022-01-15,204.0,Maine,MH,59,5.0,1.0,685,3.0,5.0,3,,,,,198.0,0.0,0.0,0.0,0.0,0.0,0.0,0.0,0.0,0.0
686,2022-01-16,169.0,Maine,MH,59,6.0,1.0,686,3.0,6.0,3,,,,,157.0,0.0,0.0,0.0,0.0,0.0,0.0,0.0,0.0,0.0
687,2022-01-17,395.0,Maine,MH,59,0.0,1.0,687,3.0,0.0,3,,,,,818.0,0.0,0.0,0.0,0.0,0.0,0.0,0.0,0.0,0.0
688,2022-01-18,719.0,Maine,MH,59,1.0,1.0,688,3.0,1.0,3,,,,,781.0,0.0,0.0,0.0,0.0,0.0,0.0,0.0,0.0,0.0
689,2022-01-19,892.0,Maine,MH,59,2.0,1.0,689,3.0,2.0,3,,,,,943.0,0.0,0.0,0.0,0.0,0.0,0.0,0.0,0.0,0.0
690,2022-01-20,846.0,Maine,MH,59,3.0,1.0,690,3.0,3.0,3,,,,,1125.0,0.0,0.0,0.0,0.0,0.0,0.0,0.0,0.0,0.0
691,2022-01-21,972.0,Maine,MH,59,4.0,1.0,691,4.0,4.0,4,,,,,899.0,0.0,0.0,0.0,0.0,0.0,0.0,0.0,0.0,0.0
692,2022-01-22,289.0,Maine,MH,59,5.0,1.0,692,4.0,5.0,4,,,,,204.0,0.0,0.0,0.0,0.0,0.0,0.0,0.0,0.0,0.0
693,2022-01-23,130.0,Maine,MH,59,6.0,1.0,693,4.0,6.0,4,,,,,169.0,0.0,0.0,0.0,0.0,0.0,0.0,0.0,0.0,0.0
694,2022-01-24,682.0,Maine,MH,59,0.0,1.0,694,4.0,0.0,4,,,,,395.0,0.0,0.0,0.0,0.0,0.0,0.0,0.0,0.0,0.0
695,2022-01-25,655.0,Maine,MH,59,1.0,1.0,695,4.0,1.0,4,,,,,719.0,0.0,0.0,0.0,0.0,0.0,0.0,0.0,0.0,0.0
696,2022-01-26,729.0,Maine,MH,59,2.0,1.0,696,4.0,2.0,4,,,,,892.0,0.0,0.0,0.0,0.0,0.0,0.0,0.0,0.0,0.0
697,2022-01-27,640.0,Maine,MH,59,3.0,1.0,697,4.0,3.0,4,,,,,846.0,0.0,0.0,0.0,0.0,0.0,0.0,0.0,0.0,0.0
698,2022-01-28,579.0,Maine,MH,59,4.0,1.0,698,5.0,4.0,5,,,,,972.0,0.0,0.0,0.0,0.0,0.0,0.0,0.0,0.0,0.0
699,2022-01-29,136.0,Maine,MH,59,5.0,1.0,699,5.0,5.0,5,,,,,289.0,0.0,0.0,0.0,0.0,0.0,0.0,0.0,0.0,0.0
700,2022-01-30,59.0,Maine,MH,59,6.0,1.0,700,5.0,6.0,5,,,,,130.0,0.0,0.0,0.0,0.0,0.0,0.0,0.0,0.0,0.0
701,2022-01-31,445.0,Maine,MH,59,0.0,1.0,701,5.0,0.0,5,,,,,682.0,0.0,0.0,0.0,0.0,0.0,0.0,0.0,0.0,0.0
702,2022-02-01,389.0,Maine,MH,59,1.0,2.0,702,1.0,1.0,1,,,,,655.0,0.0,0.0,0.0,0.0,0.0,0.0,0.0,0.0,0.0
703,2022-02-02,489.0,Maine,MH,59,2.0,2.0,703,1.0,2.0,1,,,,,729.0,0.0,0.0,0.0,0.0,0.0,0.0,0.0,0.0,0.0
704,2022-02-03,421.0,Maine,MH,59,3.0,2.0,704,1.0,3.0,1,,,,,640.0,0.0,0.0,0.0,0.0,0.0,0.0,0.0,0.0,0.0
705,2022-02-04,169.0,Maine,MH,59,4.0,2.0,705,1.0,4.0,1,,,,,579.0,0.0,0.0,0.0,0.0,0.0,0.0,0.0,0.0,0.0
706,2022-02-05,65.0,Maine,MH,59,5.0,2.0,706,1.0,5.0,1,,,,,136.0,0.0,0.0,0.0,0.0,0.0,0.0,0.0,0.0,0.0
707,2022-02-06,68.0,Maine,MH,59,6.0,2.0,707,1.0,6.0,1,,,,,59.0,0.0,0.0,0.0,0.0,0.0,0.0,0.0,0.0,0.0
708,2022-02-07,215.0,Maine,MH,59,0.0,2.0,708,2.0,0.0,2,,,,,445.0,0.0,0.0,0.0,0.0,0.0,0.0,0.0,0.0,0.0
709,2022-02-08,212.0,Maine,MH,59,1.0,2.0,709,2.0,1.0,2,,,,,389.0,0.0,0.0,0.0,0.0,0.0,0.0,0.0,0.0,0.0
710,2022-02-09,223.0,Maine,MH,59,2.0,2.0,710,2.0,2.0,2,,,,,489.0,0.0,0.0,0.0,0.0,0.0,0.0,0.0,0.0,0.0
711,2022-02-10,254.0,Maine,MH,59,3.0,2.0,711,2.0,3.0,2,,,,,421.0,0.0,0.0,0.0,0.0,0.0,0.0,0.0,0.0,0.0
712,2022-02-11,192.0,Maine,MH,59,4.0,2.0,712,2.0,4.0,2,,,,,169.0,0.0,0.0,0.0,0.0,0.0,0.0,0.0,0.0,0.0
713,2022-02-12,56.0,Maine,MH,59,5.0,2.0,713,2.0,5.0,2,,,,,65.0,0.0,0.0,0.0,0.0,0.0,0.0,0.0,0.0,0.0
714,2022-02-13,72.0,Maine,MH,59,6.0,2.0,714,2.0,6.0,2,,,,,68.0,0.0,0.0,0.0,0.0,0.0,0.0,0.0,0.0,0.0
715,2022-02-14,132.0,Maine,MH,59,0.0,2.0,715,3.0,0.0,3,,,,,215.0,0.0,0.0,0.0,0.0,0.0,0.0,0.0,0.0,0.0
716,2022-02-15,139.0,Maine,MH,59,1.0,2.0,716,3.0,1.0,3,,,,,212.0,0.0,0.0,0.0,0.0,0.0,0.0,0.0,0.0,0.0
717,2022-02-16,189.0,Maine,MH,59,2.0,2.0,717,3.0,2.0,3,,,,,223.0,0.0,0.0,0.0,0.0,0.0,0.0,0.0,0.0,0.0
718,2022-02-17,211.0,Maine,MH,59,3.0,2.0,718,3.0,3.0,3,,,,,254.0,0.0,0.0,0.0,0.0,0.0,0.0,0.0,0.0,0.0
719,2022-02-18,77.0,Maine,MH,59,4.0,2.0,719,3.0,4.0,3,,,,,192.0,0.0,0.0,0.0,0.0,0.0,0.0,0.0,0.0,0.0
720,2022-02-19,29.0,Maine,MH,59,5.0,2.0,720,3.0,5.0,3,,,,,56.0,0.0,0.0,0.0,0.0,0.0,0.0,0.0,0.0,0.0
721,2022-02-20,31.0,Maine,MH,59,6.0,2.0,721,3.0,6.0,3,,,,,72.0,0.0,0.0,0.0,0.0,0.0,0.0,0.0,0.0,0.0
722,2022-02-21,26.0,Maine,MH,59,0.0,2.0,722,4.0,0.0,4,,,,,132.0,0.0,0.0,0.0,0.0,0.0,0.0,0.0,0.0,0.0
723,2022-02-22,79.0,Maine,MH,59,1.0,2.0,723,4.0,1.0,4,,,,,139.0,0.0,0.0,0.0,0.0,0.0,0.0,0.0,0.0,0.0
724,2022-02-23,66.0,Maine,MH,59,2.0,2.0,724,4.0,2.0,4,,,,,189.0,0.0,0.0,0.0,0.0,0.0,0.0,0.0,0.0,0.0
725,2022-02-24,56.0,Maine,MH,59,3.0,2.0,725,4.0,3.0,4,,,,,211.0,0.0,0.0,0.0,0.0,0.0,0.0,0.0,0.0,0.0
726,2022-02-25,46.0,Maine,MH,59,4.0,2.0,726,4.0,4.0,4,,,,,77.0,0.0,0.0,0.0,0.0,0.0,0.0,0.0,0.0,0.0
727,2022-02-26,21.0,Maine,MH,59,5.0,2.0,727,4.0,5.0,4,,,,,29.0,0.0,0.0,0.0,0.0,0.0,0.0,0.0,0.0,0.0
728,2022-02-27,7.0,Maine,MH,59,6.0,2.0,728,4.0,6.0,4,,,,,31.0,0.0,0.0,0.0,0.0,0.0,0.0,0.0,0.0,0.0
729,2022-02-28,69.0,Maine,MH,59,0.0,2.0,729,5.0,0.0,5,,,,,26.0,0.0,0.0,0.0,0.0,0.0,0.0,0.0,0.0,0.0
730,2022-03-01,365.0,Maine,MH,59,1.0,3.0,730,1.0,1.0,1,,,,,79.0,0.0,0.0,0.0,0.0,0.0,0.0,0.0,0.0,0.0
